scenario,strategy,trades,pf,wr,ret,dd,sharpe
mc_000_extra0.395p,A,39.0,1.3156360959349005,33.33333333333333,0.6713535254251838,-0.818312108167274,3.902112423062912
mc_000_extra0.395p,C,21.0,0.5243600658555493,19.047619047619047,-0.5864402595526189,-0.8901288102326044,-6.221604418948733
mc_000_extra0.395p,B,10.0,1.924499387162069,50.0,0.34330285257312426,-0.21289338168259953,3.998717522810724
mc_001_extra0.117p,A,39.0,1.3728729517590743,33.33333333333333,0.7699311824390134,-0.7933702858564873,4.415123174969136
mc_001_extra0.117p,C,21.0,0.55157206140105,19.047619047619047,-0.5340106574400306,-0.8577641071867648,-5.722495375728828
mc_001_extra0.117p,B,10.0,2.0267848475717685,50.0,0.368465545175095,-0.21037643704659992,4.232977893612143
mc_002_extra0.145p,A,39.0,1.3670735378179308,33.33333333333333,0.7602171824704601,-0.7958354105100374,4.3653061717604675
mc_002_extra0.145p,C,21.0,0.5488045526783102,19.047619047619047,-0.539166926131893,-0.8609330410690341,-5.772238346923637
mc_002_extra0.145p,B,10.0,2.0163898494760133,50.0,0.3660012810035732,-0.2106209021418004,4.210383545210159
mc_003_extra0.251p,A,39.0,1.3449769397227442,33.33333333333333,0.7226248183591634,-0.8053316674505262,4.171253796906509
mc_003_extra0.251p,C,21.0,0.5382812884726235,19.047619047619047,-0.559167483756628,-0.8732754778387086,-5.963914284433865
mc_003_extra0.251p,B,10.0,1.976847835348205,50.0,0.35637629247004954,-0.21157865615080151,4.1215274186908015
mc_004_extra0.076p,A,39.0,1.3816361534829702,33.33333333333333,0.7845273270816324,-0.7896793370194555,4.4894812201652385
mc_004_extra0.076p,C,21.0,0.5557583340603924,19.047619047619047,-0.5262579754729814,-0.8529746766955171,-5.647328381764848
mc_004_extra0.076p,B,10.0,2.0425055698348498,50.0,0.37217637950456267,-0.2100149940226559,4.266833214213092
mc_005_extra0.449p,A,39.0,1.3050248078163198,33.33333333333333,0.6524192916107858,-0.8230941606611197,3.8015907336513326
mc_005_extra0.449p,C,21.0,0.5193399254155774,19.047619047619047,-0.5965282444867261,-0.8963487772299827,-6.315888219522835
mc_005_extra0.449p,B,10.0,1.9056112597707815,50.0,0.33844844724408174,-0.21336897530932486,3.952636360473942
mc_006_extra0.067p,A,39.0,1.38370152833638,33.33333333333333,0.7879465411459933,-0.7888245625342738,4.506723429887411
mc_006_extra0.067p,C,21.0,0.5567457624153118,19.047619047619047,-0.5244464177449482,-0.8518545109351017,-5.629775242728518
mc_006_extra0.067p,B,10.0,2.0462130881247287,50.0,0.37304761252940805,-0.20992655679910044,4.274759300000701
mc_007_extra0.743p,A,39.0,1.2487391714086649,33.33333333333333,0.5480184754087896,-0.8494977984729868,3.235363113962472
mc_007_extra0.743p,C,21.0,0.4928398562892598,19.047619047619047,-0.6520827497120445,-0.9306621416627747,-6.824737739001061
mc_007_extra0.743p,B,10.0,1.8058112052239759,50.0,0.31175292214740696,-0.2160291794407465,3.6933077273540413
mc_008_extra0.227p,A,39.0,1.3497974520437808,33.33333333333333,0.7309443048995491,-0.8032407015207355,4.214377997032118
mc_008_extra0.227p,C,21.0,0.5405741265662868,19.047619047619047,-0.5547757140627982,-0.8705870697669371,-5.922058320310541
mc_008_extra0.227p,B,10.0,1.9854654838551171,50.0,0.3584807647047637,-0.2113802271990095,4.141078489485288
mc_009_extra0.065p,A,39.0,1.384087698684764,33.33333333333333,0.7885701671142122,-0.7886713451204397,4.509881119773379
mc_009_extra0.065p,C,21.0,0.5569304182725601,19.047619047619047,-0.5241070853967176,-0.8516442828952031,-5.626485798134043
mc_009_extra0.065p,B,10.0,2.046906395078203,50.0,0.3732102980248419,-0.20991004305356276,4.276238235621664
mc_010_extra0.118p,A,39.0,1.3726966227771287,33.33333333333333,0.7696391298192612,-0.7934450117769498,4.413626303994076
mc_010_extra0.118p,C,21.0,0.5514878819515427,19.047619047619047,-0.534167437111737,-0.8578612401099805,-5.724006834932538
mc_010_extra0.118p,B,10.0,2.026468687808569,50.0,0.3683903782315974,-0.21038406774624985,4.232289926999867
mc_011_extra0.059p,A,39.0,1.385359625669222,33.33333333333333,0.7906753360241601,-0.7881391148127248,4.520473153688369
mc_011_extra0.059p,C,21.0,0.5575386915498854,19.047619047619047,-0.5230003511760334,-0.8509582253028336,-5.615809444471344
mc_011_extra0.059p,B,10.0,2.0491901573610822,50.0,0.3737456629720691,-0.20985570000802145,4.2811026590103545
mc_012_extra0.213p,A,39.0,1.3528645629145324,33.33333333333333,0.7361443602552936,-0.8019192767584782,4.241387439521576
mc_012_extra0.213p,C,21.0,0.5420338085963545,19.047619047619047,-0.5519628727204873,-0.868862491182465,-5.895071318350345
mc_012_extra0.213p,B,10.0,1.9909510925113736,50.0,0.3598186467103551,-0.21124439474108359,4.153487509439677
mc_013_extra0.573p,A,39.0,1.2808037706002138,33.33333333333333,0.6083397394548774,-0.8342277190649394,3.5649214085047234
mc_013_extra0.573p,C,21.0,0.5079099139151442,19.047619047619047,-0.6199870202819511,-0.9108447439706624,-6.532819650909765
mc_013_extra0.573p,B,10.0,1.8625849604727847,50.0,0.3271797126527235,-0.21448941225737927,3.8442683180169834
mc_014_extra0.195p,A,39.0,1.3564814106239083,33.33333333333333,0.7423282638413002,-0.8003564263088792,4.273305600131684
mc_014_extra0.195p,C,21.0,0.5437559536629492,19.047619047619047,-0.5486955225359815,-0.8668310526534051,-5.863697199942759
mc_014_extra0.195p,B,10.0,1.9974224425881466,50.0,0.3614122886001132,-0.21108475170477092,4.168130039645024
mc_015_extra0.250p,A,39.0,1.34508922858874,33.33333333333333,0.722816395802638,-0.8052826394230328,4.172252922040882
mc_015_extra0.250p,C,21.0,0.5383346795289268,19.047619047619047,-0.5590704802311666,-0.873217599193199,-5.962990561202798
mc_015_extra0.250p,B,10.0,1.9770485194838152,50.0,0.35642560759339176,-0.21157364899134778,4.121986611040793
mc_016_extra0.153p,A,39.0,1.3652846786915025,33.33333333333333,0.7572082126893473,-0.7965988871138641,4.349880694257709
mc_016_extra0.153p,C,21.0,0.5479513709938444,19.047619047619047,-0.5407573432175923,-0.8619254166985613,-5.787685663178665
mc_016_extra0.153p,B,10.0,2.013184879016003,50.0,0.3652333197370353,-0.21069886017383022,4.203326384403183
mc_017_extra0.273p,A,39.0,1.340454477294984,33.33333333333333,0.7148459283660669,-0.8072991823597775,4.130738522765626
mc_017_extra0.273p,C,21.0,0.5361316730187905,19.047619047619047,-0.5633131142837192,-0.8758485674464356,-6.00327299984498
mc_017_extra0.273p,B,10.0,1.9687674146350587,50.0,0.35439253210834065,-0.2117734532127713,4.103068473987645
mc_018_extra0.253p,A,39.0,1.3444677434042331,33.33333333333333,0.7217320172588187,-0.8055540698275965,4.16662016751676
mc_018_extra0.253p,C,21.0,0.5380391869666032,19.047619047619047,-0.5596340480535582,-0.8735645545314918,-5.968347280684553
mc_018_extra0.253p,B,10.0,1.975937825977117,50.0,0.3561525878211796,-0.21160136982364408,4.119444013443945
mc_019_extra0.242p,A,39.0,1.3467124423383394,33.33333333333333,0.7256127643569016,-0.8045745718179953,4.186735330369975
mc_019_extra0.242p,C,21.0,0.5391065816178081,19.047619047619047,-0.5575850592753704,-0.8722972511691851,-5.948868151985452
mc_019_extra0.242p,B,10.0,1.9799498419783625,50.0,0.3571305916171696,-0.21151731084236847,4.128531522684277
mc_020_extra0.158p,A,39.0,1.3643324133620307,33.33333333333333,0.7556304258738783,-0.7970059075594116,4.341732787938143
mc_020_extra0.158p,C,21.0,0.5474972863045051,19.047619047619047,-0.5416112602255816,-0.8624544665334355,-5.795884833784644
mc_020_extra0.158p,B,10.0,2.011479046573509,50.0,0.3648131541596922,-0.21074044365451128,4.199516001794345
mc_021_extra0.266p,A,39.0,1.3418604545143455,33.33333333333333,0.7173050470807357,-0.8066827159980416,4.14354666003791
mc_021_extra0.266p,C,21.0,0.5367998106120011,19.047619047619047,-0.5620105600717762,-0.8750379799832064,-5.990927006597207
mc_021_extra0.266p,B,10.0,1.9712790603861114,50.0,0.3550126062787058,-0.2117104988746843,4.10885614695497
mc_022_extra0.404p,A,39.0,1.3137778280167483,33.33333333333333,0.6680200675655033,-0.8191507783814056,3.8845344938768154
mc_022_extra0.404p,C,21.0,0.5234803727711863,19.047619047619047,-0.5882009955212197,-0.8912082904481533,-6.238325432772524
mc_022_extra0.404p,B,10.0,1.9211899793191063,50.0,0.3424666682264615,-0.21296306255847997,3.9907980615654663
mc_023_extra0.623p,A,39.0,1.2712004186881052,33.33333333333333,0.590451067495087,-0.8387437525281483,3.467922566800923
mc_023_extra0.623p,C,21.0,0.5033891132382379,19.047619047619047,-0.6294911111982219,-0.9167008526055564,-6.619978749476149
mc_023_extra0.623p,B,10.0,1.8455590428022814,50.0,0.3225870700597443,-0.21495178263982728,3.799753505393582
mc_024_extra0.037p,A,39.0,1.3901331218655386,33.33333333333333,0.798514558335537,-0.7861546848332623,4.560205705297103
mc_024_extra0.037p,C,21.0,0.5598225237714228,19.047619047619047,-0.5188131512839209,-0.8483701494448104,-5.575187177325861
mc_024_extra0.037p,B,10.0,2.0577640640749006,50.0,0.3757484413042948,-0.20965240951689168,4.2992669201142695
mc_025_extra0.171p,A,39.0,1.3615923363325555,33.33333333333333,0.7510401264399843,-0.7981583438810502,4.31813641712371
mc_025_extra0.171p,C,21.0,0.5461910397297792,19.047619047619047,-0.5441013421377283,-0.8639797926847659,-5.8198218631458785
mc_025_extra0.171p,B,10.0,2.0065716904718967,50.0,0.3636327792753582,-0.21086027129125773,4.188647102838199
mc_026_extra0.095p,A,39.0,1.3775891525977983,33.33333333333333,0.7778333896518234,-0.7913819750486217,4.455296411045575
mc_026_extra0.095p,C,21.0,0.553824376568936,19.047619047619047,-0.5298230980801054,-0.8551802741474379,-5.682066070791338
mc_026_extra0.095p,B,10.0,2.035243463257105,50.0,0.3704707659878477,-0.21017287744578006,4.251303287658361
mc_027_extra0.193p,A,39.0,1.3569004025174207,33.33333333333333,0.7430294958525518,-0.800175772546663,4.276950252023524
mc_027_extra0.193p,C,21.0,0.543955513151468,19.047619047619047,-0.5483279590039092,-0.8665962336321775,-5.860247642216993
mc_027_extra0.193p,B,10.0,1.9981722893884495,50.0,0.36159400205035125,-0.21106630367802026,4.1698097616440535
mc_028_extra0.091p,A,39.0,1.3785412336220564,33.33333333333333,0.7794254558247485,-0.7909807588027729,4.463404318909934
mc_028_extra0.091p,C,21.0,0.5542792491636539,19.047619047619047,-0.5289813134341603,-0.8546587522085147,-5.673929271782137
mc_028_extra0.091p,B,10.0,2.036951608119536,50.0,0.3708672688563638,-0.2101478819710234,4.2549047729237035
mc_029_extra0.171p,A,39.0,1.3616553474851631,33.33333333333333,0.751140025777513,-0.7981313197314099,4.318661163222811
mc_029_extra0.171p,C,21.0,0.5462210724974644,19.047619047619047,-0.5440446460603198,-0.8639446656079963,-5.819278372771691
mc_029_extra0.171p,B,10.0,2.0066845230127,50.0,0.36365996236114373,-0.21085751172855716,4.1888976111176275
mc_030_extra0.078p,A,39.0,1.3813167451482056,33.33333333333333,0.7840031343848568,-0.7898134507159482,4.486809286166422
mc_030_extra0.078p,C,21.0,0.5556056556567307,19.047619047619047,-0.5265393637871785,-0.8531490062054781,-5.650052875646778
mc_030_extra0.078p,B,10.0,2.0419322854105326,50.0,0.37204147329972326,-0.21002868822067589,4.265605007216963
mc_031_extra0.208p,A,39.0,1.353770167690649,33.33333333333333,0.7377116360737637,-0.8015273894429575,4.249407871538171
mc_031_extra0.208p,C,21.0,0.542464923190326,19.047619047619047,-0.5511521248994541,-0.8683531046366766,-5.887166500223332
mc_031_extra0.208p,B,10.0,1.992571165882738,50.0,0.3602128272834307,-0.21120437500382616,4.157139079874903
mc_032_extra0.048p,A,39.0,1.3877016801185145,33.33333333333333,0.7945745942330359,-0.7871545818428971,4.540211513059065
mc_032_extra0.048p,C,21.0,0.558659026152112,19.047619047619047,-0.5209551222068148,-0.8496867821480514,-5.596001159548693
mc_032_extra0.048p,B,10.0,2.0533962364427087,50.0,0.37472956620862535,-0.20975582874818155,4.290032775177951
mc_033_extra0.034p,A,39.0,1.39076556622175,33.33333333333333,0.799595020820143,-0.7858916356196732,4.565623204249534
mc_033_extra0.034p,C,21.0,0.5601252296092073,19.047619047619047,-0.5182612510015133,-0.848028234466458,-5.5698199012048555
mc_033_extra0.034p,B,10.0,2.0589003868935896,50.0,0.3760130322576879,-0.2096255529581703,4.301662701806886
mc_034_extra0.436p,A,39.0,1.3075077876071808,33.33333333333333,0.6568295131502236,-0.8219630762802743,3.825164756450524
mc_034_extra0.436p,C,21.0,0.5205139182583535,19.047619047619047,-0.5941654333111182,-0.8948884269094237,-6.293984721982124
mc_034_extra0.436p,B,10.0,1.9100288819990954,50.0,0.3395861536983648,-0.2132534400406616,3.96349204353431
mc_035_extra0.044p,A,39.0,1.3886929838632338,33.33333333333333,0.796151600703306,-0.7867543316719128,4.548214065322646
mc_035_extra0.044p,C,21.0,0.5591333367790186,19.047619047619047,-0.5200712617674434,-0.8491495786364656,-5.587416253553834
mc_035_extra0.044p,B,10.0,2.0551768587399177,50.0,0.3751452804383734,-0.2097136321352111,4.293802070194254
mc_036_extra0.071p,A,39.0,1.382820854610956,33.33333333333333,0.7865157407994412,-0.7891936442118497,4.499445256553679
mc_036_extra0.071p,C,21.0,0.556324687687436,19.047619047619047,-0.5252207966746574,-0.8523342655239463,-5.637279633296112
mc_036_extra0.071p,B,10.0,2.044632096677165,50.0,0.37267635343634536,-0.2099642424418624,4.271382970310831
mc_037_extra0.081p,A,39.0,1.3805600614846192,33.33333333333333,0.7827747587040903,-0.7901313502664209,4.48051303252972
mc_037_extra0.081p,C,21.0,0.5552439862865598,19.047619047619047,-0.527195085937019,-0.8535622322541125,-5.656564879769047
mc_037_extra0.081p,B,10.0,2.040574250451795,50.0,0.371721695353408,-0.21006114870196768,4.262692744290416
mc_038_extra0.251p,A,39.0,1.3449156458729083,33.33333333333333,0.7225202343124875,-0.8053584323441942,4.170708335766254
mc_038_extra0.251p,C,21.0,0.5382521448692319,19.047619047619047,-0.5592236321952805,-0.8733102666167225,-5.9644478353033055
mc_038_extra0.251p,B,10.0,1.9767382912836335,50.0,0.3563493708498754,-0.21158138961117068,4.12127672697951
mc_039_extra0.247p,A,39.0,1.3457129086996646,33.33333333333333,0.72392409934424,-0.8050104343272024,4.177903740982431
mc_039_extra0.247p,C,21.0,0.5386312424848787,19.047619047619047,-0.5584994345088854,-0.8728637863363642,-5.957562881862971
mc_039_extra0.247p,B,10.0,1.9781632165964882,50.0,0.356699406742373,-0.21154584916169838,4.124535478737117
mc_040_extra0.395p,A,39.0,1.3156429489339478,33.33333333333333,0.6713655961036602,-0.8183090184639363,3.902176524786682
mc_040_extra0.395p,C,21.0,0.5243633104629956,19.047619047619047,-0.5864337783410519,-0.8901247942938784,-6.221543816682506
mc_040_extra0.395p,B,10.0,1.924511593061252,50.0,0.34330596035733835,-0.21289306611451675,3.998746999390522
mc_041_extra0.388p,A,39.0,1.3170721130768395,33.33333333333333,0.6739140605818283,-0.8176651835205107,3.9156336840721284
mc_041_extra0.388p,C,21.0,0.5250400300589759,19.047619047619047,-0.5851039711874728,-0.8892958416902297,-6.209122496196139
mc_041_extra0.388p,B,10.0,1.9270572947750224,50.0,0.34394602677000874,-0.2128348029491578,4.004775986700517
mc_042_extra0.057p,A,39.0,1.3857531373433987,33.33333333333333,0.7913101136609112,-0.787982851682556,4.523684601597106
mc_042_extra0.057p,C,21.0,0.5577269033304113,19.047619047619047,-0.522655173561925,-0.8507443766522904,-5.612460582438133
mc_042_extra0.057p,B,10.0,2.049896781722733,50.0,0.3739111491023686,-0.20983890218817525,4.282605534779806
mc_043_extra0.242p,A,39.0,1.3468253852396948,33.33333333333333,0.7257907655759481,-0.8045253509677774,4.187684942619688
mc_043_extra0.242p,C,21.0,0.539160297183025,19.047619047619047,-0.5574818011439311,-0.8722332737864713,-5.947885985874386
mc_043_extra0.242p,B,10.0,1.9801517358775989,50.0,0.3571801013153163,-0.21151228404332478,4.128992034534426
mc_044_extra0.183p,A,39.0,1.3590167633553312,33.33333333333333,0.7466297061020123,-0.7992645218823591,4.295501065374195
mc_044_extra0.183p,C,21.0,0.5449636893396329,19.047619047619047,-0.546416191113767,-0.8654117634818936,-5.84195627008608
mc_044_extra0.183p,B,10.0,2.0019603845848644,50.0,0.36251059897882437,-0.21097324926467875,4.178275962738009
mc_045_extra0.481p,A,39.0,1.2985890697309765,33.33333333333333,0.6407254362306958,-0.8260404164168289,3.7391456598069865
mc_045_extra0.481p,C,21.0,0.5162989671713899,19.047619047619047,-0.6027073191200907,-0.9001782293016403,-6.373337154322686
mc_045_extra0.481p,B,10.0,1.8941669795450486,50.0,0.3354745224592443,-0.21366995429062952,3.9242278458638173
mc_046_extra0.114p,A,39.0,1.3736609483379065,33.33333333333333,0.7712614790293264,-0.7930365152237107,4.421933454619915
mc_046_extra0.114p,C,21.0,0.551948277311777,19.047619047619047,-0.5333103854151341,-0.8573302534852001,-5.715742653956092
mc_046_extra0.114p,B,10.0,2.0281978134947534,50.0,0.3688012858178081,-0.2103423538915239,4.236049857794677
mc_047_extra0.168p,A,39.0,1.3621586595884263,33.33333333333333,0.7520027401971129,-0.7979286875425151,4.323036581188292
mc_047_extra0.168p,C,21.0,0.5464609741136438,19.047619047619047,-0.5435752966114887,-0.8636641676255552,-5.814777802607522
mc_047_extra0.168p,B,10.0,2.00758582156199,50.0,0.363877025756301,-0.2108354760129827,4.1908976314029625
mc_048_extra0.069p,A,39.0,1.383297737820215,33.33333333333333,0.7873009976982939,-0.7889937442697836,4.503418955336415
mc_048_extra0.069p,C,21.0,0.5565526921833757,19.047619047619047,-0.5248013819857624,-0.852074423542104,-5.633215552257768
mc_048_extra0.069p,B,10.0,2.045488180449726,50.0,0.37287743266388135,-0.20994383132839634,4.273211863707361
mc_049_extra0.333p,A,39.0,1.3282228987076108,33.33333333333333,0.6935643333334155,-0.8126708077988876,4.019441952765287
mc_049_extra0.333p,C,21.0,0.5303248211573155,19.047619047619047,-0.5746600510409007,-0.8828526644918067,-6.110799851136947
mc_049_extra0.333p,B,10.0,1.9469342092090651,50.0,0.3489651615848925,-0.21232523733665243,4.052231591366617
