Size,EntryBar,ExitBar,EntryPrice,ExitPrice,SL,TP,PnL,Commission,ReturnPct,EntryTime,ExitTime,Duration,Tag,"Entry__atr(H,L,C,14)","Exit__atr(H,L,C,14)","Entry__rsi(C,14)","Exit__rsi(C,14)","Entry__bbands(C,20,2.0)_0","Exit__bbands(C,20,2.0)_0","Entry__bbands(C,20,2.0)_1","Exit__bbands(C,20,2.0)_1","Entry__bbands(C,20,2.0)_2","Exit__bbands(C,20,2.0)_2"
9000,49,52,1.1000909063305537,1.0989634069102538,1.0989634069102538,1.1031097792692388,-10.14749478269894,0.0,-0.001024914771871721,2024-01-02 10:15:00+00:00,2024-01-02 11:00:00+00:00,0 days 00:45:00,A_long,0.0009797140111134565,0.0010497990170122442,30.02123906845887,24.773302007966706,1.1006353581131465,1.0995460289863523,1.1026335,1.1021895000000002,1.1046316418868536,1.104832971013648
8999,53,53,1.0990708127620148,1.097900200982988,1.097900200982988,1.1020993970510367,-10.534335399462952,0.0,-0.0010650922264827667,2024-01-02 11:15:00+00:00,2024-01-02 11:15:00+00:00,0 days 00:00:00,A_long,0.0010911591480772822,0.0010911591480772822,20.849131309287472,20.849131309287472,1.0987753740519435,1.0987753740519435,1.1019314999999998,1.1019314999999998,1.1050876259480562,1.1050876259480562
8997,54,55,1.098130726532185,1.0969488408519226,1.0969488408519226,1.101313477444232,-10.633425465320274,0.0,-0.0010762704764619713,2024-01-02 11:30:00+00:00,2024-01-02 11:45:00+00:00,0 days 00:15:00,A_long,0.0010776712616669545,0.001017981760111378,17.53798702318707,16.87986101094593,1.097899220974306,1.097122510271539,1.101619,1.101321,1.1053387790256939,1.105519489728461
8997,56,58,1.0970106237902597,1.0958820182398885,1.0958820182398885,1.0999539452803344,-10.154064136689666,0.0,-0.0010288009303608403,2024-01-02 12:00:00+00:00,2024-01-02 12:30:00+00:00,0 days 00:30:00,A_long,0.0009342508587631797,0.0009275039783598745,17.238210747966647,14.050063543851849,1.096475595584393,1.0952819052930245,1.1010265000000001,1.1003225,1.1055774044156073,1.1053630947069757
9013,94,110,1.0939403421673042,1.0954095704901292,1.0933168098366235,1.0954095704901292,13.242154873622027,0.0,0.0013430607375848336,2024-01-02 21:30:00+00:00,2024-01-03 01:30:00+00:00,0 days 04:00:00,A_long,0.0004920981415928629,0.00035972979520193374,35.70754678225879,81.03556666234489,1.0938829349750088,1.0935056074674772,1.094798,1.0944034999999999,1.095713065024991,1.0953013925325226
-9012,111,118,1.0953395110585171,1.0957797297952019,1.0957797297952019,1.0943408106143946,-3.967251255003066,0.0,-0.00040190163163145165,2024-01-03 01:45:00+00:00,2024-01-03 03:30:00+00:00,0 days 01:45:00,A_short,0.00036243248917501553,0.00040485139237075624,64.07183770513421,73.0636168708795,1.093494079566739,1.0939180326209101,1.0944445,1.094853,1.0953949204332611,1.09578796737909
-9004,119,136,1.095809467943602,1.0963148513923706,1.0963148513923706,1.094695445822888,-4.550472572713508,0.0,-0.00046119646120335034,2024-01-03 03:45:00+00:00,2024-01-03 08:00:00+00:00,0 days 04:15:00,A_short,0.00039220454005465974,0.0005136779220523486,75.39685474498398,69.26071298326163,1.0939542702662746,1.0952624571199618,1.0949550000000001,1.0958455,1.0959557297337257,1.0964285428800382
9013,141,141,1.0944303871168966,1.09360962221962,1.09360962221962,1.09653113334114,-7.397554019152636,0.0,-0.0007499471021072956,2024-01-03 09:15:00+00:00,2024-01-03 09:15:00+00:00,0 days 00:00:00,A_long,0.0007556607429959927,0.0007556607429959927,24.777552482687526,24.777552482687526,1.0944201370016229,1.0944201370016229,1.0955925,1.0955925,1.096764862998377,1.096764862998377
9010,142,145,1.0939703449193199,1.093124339257004,1.093124339257004,1.0961469822289878,-7.6225110174658255,0.0,-0.0007733350965544172,2024-01-03 09:30:00+00:00,2024-01-03 10:15:00+00:00,0 days 00:45:00,A_long,0.0007295726439298757,0.0006834462514707997,26.114639999018294,17.58503089716723,1.0941279574162444,1.0931440111383361,1.09549,1.0950855000000002,1.0968520425837558,1.0970269888616642
9011,146,148,1.0930402596068287,1.0922665537485292,1.0922665537485292,1.0950003387544127,-6.9718634891367985,0.0,-0.0007078475394656225,2024-01-03 10:30:00+00:00,2024-01-03 11:00:00+00:00,0 days 00:30:00,A_long,0.0007003200846080234,0.0006996181968833326,16.401891426049247,13.131440515616049,1.0927777103662248,1.09208442237472,1.0949405,1.0946545,1.0971032896337753,1.0972245776252803
9022,167,180,1.0909300660483803,1.0896291489332695,1.0896291489332695,1.0944325532001915,-11.73687421252984,0.0,-0.0011924844273685231,2024-01-03 15:45:00+00:00,2024-01-03 19:00:00+00:00,0 days 03:15:00,A_long,0.0011780709244998307,0.000854931676215744,18.64065999134675,27.061569974547808,1.090796533824103,1.0898903618418143,1.0918164999999997,1.090968,1.0928364661758965,1.0920456381581856
9022,181,181,1.0896899522983918,1.0921347950286469,1.0887150683237843,1.0921347950286469,22.05737111236084,0.0,0.0022436131718919228,2024-01-03 19:15:00+00:00,2024-01-03 19:15:00+00:00,0 days 00:00:00,A_long,0.0011156074527203085,0.0011156074527203085,64.13627652476146,64.13627652476146,1.0898120592755083,1.0898120592755083,1.0910035,1.0910035,1.0921949407244917,1.0921949407244917
-9003,231,235,1.0941596193044738,1.0949267734509172,1.0949267734509172,1.0923396796472482,-6.9066887804294765,0.0,-0.0007011354951400595,2024-01-04 07:45:00+00:00,2024-01-04 08:45:00+00:00,0 days 01:00:00,A_short,0.0006712036574616383,0.0008372414352743507,60.16678418205658,73.16246279929736,1.0917755938556128,1.0915729332097452,1.092853,1.0932404999999998,1.0939304061443873,1.0949080667902544
-8988,236,238,1.0952195220665806,1.0961572414352745,1.0961572414352745,1.0928082756941768,-8.428221685820883,0.0,-0.0008561930734438672,2024-01-04 09:00:00+00:00,2024-01-04 09:30:00+00:00,0 days 00:30:00,A_short,0.0008896092439044459,0.000900995387643801,67.79046221467814,79.00837739001584,1.0915442132862536,1.0913036558006477,1.0933614999999999,1.0937105,1.0951787867137461,1.0961173441993524
-8970,239,254,1.0964994046472374,1.0939070138370688,1.0975109953876439,1.0939070138370688,23.25374556721233,0.0,0.002364242788624793,2024-01-04 09:45:00+00:00,2024-01-04 13:30:00+00:00,0 days 03:45:00,A_short,0.0008555293359579468,0.0008007742151309199,79.7791335509865,29.667649455641865,1.0912336478815705,1.0942669735540327,1.093919,1.095477,1.0966043521184297,1.0966870264459674
9011,255,320,1.0942903742741559,1.093389225784869,1.093389225784869,1.096592322645393,-8.120249036964319,0.0,-0.0008235003345292702,2024-01-04 13:45:00+00:00,2024-01-05 06:00:00+00:00,0 days 16:15:00,A_long,0.0008460043197801197,0.00031613312606235567,43.22586544440464,22.818810903023547,1.0941905574485704,1.0928786409492435,1.0954460000000001,1.0942585,1.0967014425514299,1.0956383590507566
9024,330,330,1.09180014585684,1.0911933976345363,1.0911933976345363,1.093259807096391,-5.475295958069282,0.0,-0.0005557319483847634,2024-01-05 08:30:00+00:00,2024-01-05 08:30:00+00:00,0 days 00:00:00,A_long,0.0005343887167351177,0.0005343887167351177,11.919086193596584,11.919086193596584,1.0915087643410037,1.0915087643410037,1.0930449999999998,1.0930449999999998,1.094581235658996,1.094581235658996
9023,331,331,1.0912400944858776,1.090615611283265,1.090615611283265,1.0927531661502052,-5.6347119371730106,0.0,-0.0005722692978090693,2024-01-05 08:45:00+00:00,2024-01-05 08:45:00+00:00,0 days 00:00:00,A_long,0.0006124702211704366,0.0006124702211704366,9.895390494769458,9.895390494769458,1.091111814375911,1.091111814375911,1.0928870000000002,1.0928870000000002,1.0946621856240892,1.0946621856240892
9022,332,334,1.0908500587096717,1.0925974106635115,1.0901475297788294,1.0925974106635115,15.764609327542612,0.0,0.0016018259703873827,2024-01-05 09:00:00+00:00,2024-01-05 09:30:00+00:00,0 days 00:30:00,A_long,0.0006961408583477291,0.0008174569113811848,33.583077056601425,41.96098523859473,1.0909457960640394,1.0908659523677067,1.09277,1.092577,1.0945942039359606,1.0942880476322931
-9004,354,356,1.094449592701654,1.096015564450979,1.096015564450979,1.0901933066470628,-14.100009630922713,0.0,-0.0014308304007490946,2024-01-05 14:30:00+00:00,2024-01-05 15:00:00+00:00,0 days 00:30:00,A_short,0.0014441558575152575,0.001912099288533677,72.8103247681129,88.93346922315536,1.0899181063957295,1.0887616084869804,1.0918225,1.0923795,1.0937268936042703,1.0959973915130197
-8959,357,428,1.0984192285182228,1.0927937021343987,1.1004420992885338,1.0927937021343987,50.39909087267989,0.0,0.005121474786464741,2024-01-05 15:15:00+00:00,2024-01-08 09:00:00+00:00,2 days 17:45:00,A_short,0.0019224860500625116,0.0006490650468723078,83.44213011850695,30.43256655625288,1.0884769509806753,1.0927190894772136,1.0927609999999999,1.093859,1.0970450490193244,1.0949989105227862
-9025,452,453,1.0959194578528773,1.0967361482784763,1.0967361482784763,1.0939115551645713,-7.37063109103156,0.0,-0.0007452102613445533,2024-01-08 15:00:00+00:00,2024-01-08 15:15:00+00:00,0 days 00:15:00,A_short,0.0007653285080126795,0.000797951373610983,80.09714877410097,84.33333982482692,1.0932244073648825,1.0931902449449433,1.0947559999999998,1.094915,1.0962875926351172,1.0966397550550568
-9011,454,456,1.096829374375063,1.0977179513736108,1.0977179513736108,1.094526145879167,-8.006967333914494,0.0,-0.0008101323864107002,2024-01-08 15:30:00+00:00,2024-01-08 16:00:00+00:00,0 days 00:30:00,A_short,0.0007875578571295258,0.0008272767904661623,81.68382481528242,87.42468607861261,1.0931917482743767,1.093081269758836,1.0950570000000002,1.095335,1.0969222517256236,1.097588730241164
-8998,457,466,1.0975493083266827,1.0951481696286014,1.0984572767904663,1.0951481696286014,21.605446005335896,0.0,0.0021877274031014693,2024-01-08 16:15:00+00:00,2024-01-08 18:30:00+00:00,0 days 02:15:00,A_short,0.0007943065517373144,0.0006561276438637876,75.6131099875249,25.193847684878534,1.0931389355053693,1.0948635951963617,1.095488,1.0964655,1.0978370644946307,1.0980674048036385
-9028,499,509,1.0962694257460257,1.0951949833803607,1.096748338873213,1.0951949833803607,9.700065677223684,0.0,0.0009800896936752457,2024-01-09 02:45:00+00:00,2024-01-09 05:15:00+00:00,0 days 02:30:00,A_short,0.0003738936901180763,0.00039800407199506375,67.79802529433181,26.407727678318693,1.0945985241674758,1.0949243022730217,1.095514,1.095824,1.0964294758325244,1.096723697726978
9054,521,528,1.0943503797781875,1.0936702649335224,1.0936702649335224,1.0960692051994332,-6.157759803598042,0.0,-0.0006214781456035379,2024-01-09 08:15:00+00:00,2024-01-09 10:00:00+00:00,0 days 01:45:00,A_long,0.0005877703909474367,0.0006649590046110124,26.8728553703386,34.46615782540326,1.0941798298245924,1.0935059133940461,1.0953515,1.0948035,1.0965231701754077,1.096101086605954
9069,552,615,1.091880153195549,1.0944985399870406,1.0908738200043198,1.0944985399870406,23.746149812036517,0.0,0.0023980532880174543,2024-01-09 16:00:00+00:00,2024-01-10 07:45:00+00:00,0 days 15:45:00,A_long,0.000922689329589554,0.0007068160925200451,22.728854904406532,41.924175060733,1.0919531143156738,1.0924668033375,1.093602,1.0931095000000002,1.0952508856843262,1.0937521966625003
-9053,647,664,1.0962694257460257,1.0971784270202098,1.0971784270202098,1.0939047189393705,-8.22918853518902,0.0,-0.0008291768910417829,2024-01-10 15:45:00+00:00,2024-01-10 20:00:00+00:00,0 days 04:15:00,A_short,0.0007826367508485631,0.0005349716750063086,81.31024182276775,50.38290621232115,1.0931562488578022,1.0953428527925413,1.0946609999999999,1.096457,1.0961657511421976,1.0975711472074587
-9029,706,706,1.0982592431956408,1.0987142958001872,1.0987142958001872,1.0972971125994384,-4.108669966449163,0.0,-0.0004143398813765131,2024-01-11 06:30:00+00:00,2024-01-11 06:30:00+00:00,0 days 00:00:00,A_short,0.0003803896934956099,0.0003803896934956099,76.0666283606282,76.0666283606282,1.0975826975843177,1.0975826975843177,1.097978,1.097978,1.098373302415682,1.098373302415682
-9023,707,712,1.0984992211795142,1.0974688309195135,1.0989903896934956,1.0974688309195135,9.297211315985633,0.0,0.0009379981707171581,2024-01-11 06:45:00+00:00,2024-01-11 08:00:00+00:00,0 days 01:15:00,A_short,0.0003670044010295364,0.00043471550297476477,73.40064504355207,29.680943441272433,1.097543805003394,1.0974965417440108,1.0980124999999998,1.0980474999999998,1.0984811949966056,1.098598458255989
9046,717,718,1.0969106146168734,1.0962768361584105,1.0962768361584105,1.0983694915247684,-5.7331599352554665,0.0,-0.0005777849626190656,2024-01-11 09:15:00+00:00,2024-01-11 09:30:00+00:00,0 days 00:15:00,A_long,0.0004974086627108441,0.0005484208410160638,24.291721905965957,16.326147679434712,1.096913779133918,1.096499115210793,1.0978845,1.097788,1.0988552208660818,1.099076884789207
9048,719,724,1.0960405348084137,1.097585262523048,1.0953915791589839,1.097585262523048,13.976696362011324,0.0,0.001409370972675239,2024-01-11 09:45:00+00:00,2024-01-11 11:00:00+00:00,0 days 01:15:00,A_long,0.000561964728880594,0.0006185066799411035,30.17921715084708,64.14122477132237,1.0962884182430337,1.0957879584730843,1.097718,1.0974344999999999,1.0991475817569663,1.0990810415269154
9067,735,735,1.0953504715120492,1.0939674858401895,1.0939674858401895,1.099137542479431,-12.539531086751738,0.0,-0.0012625965002329709,2024-01-11 13:45:00+00:00,2024-01-11 13:45:00+00:00,0 days 00:00:00,A_long,0.0015201789385022855,0.0015201789385022855,18.063257885946754,18.063257885946754,1.0947514248183468,1.0947514248183468,1.0971440000000001,1.0971440000000001,1.0995365751816535,1.0995365751816535
9066,736,784,1.0940703540927064,1.0985005368155065,1.0924198210614977,1.0985005368155065,40.16403656490623,0.0,0.004049266764452275,2024-01-11 14:00:00+00:00,2024-01-12 02:00:00+00:00,0 days 12:00:00,A_long,0.0015454884133686607,0.000459551787473829,30.04430095964065,70.17094668693585,1.0944418445654995,1.096872914669682,1.0970435,1.0976640000000002,1.0996451554345006,1.0984550853303183
9080,805,806,1.096740599022117,1.0961860669432784,1.0961860669432784,1.097961799170165,-5.035151275855485,0.0,-0.000505618265005503,2024-01-12 07:15:00+00:00,2024-01-12 07:30:00+00:00,0 days 00:15:00,A_long,0.00043674198249202934,0.00048650971815975577,25.763803806106594,20.180951779304294,1.0968789811831368,1.0966291960994587,1.097623,1.097547,1.0983670188168633,1.0984648039005414
9078,807,809,1.0964605733366357,1.097809529154479,1.0958634902818403,1.097809529154479,12.245820914380776,0.0,0.0012302821010137244,2024-01-12 07:45:00+00:00,2024-01-12 08:15:00+00:00,0 days 00:30:00,A_long,0.0005083084224051269,0.0006199294372731692,33.414359898343506,61.06405458260493,1.0965079856264661,1.0965558432296039,1.0974819999999998,1.097433,1.0984560143735336,1.0983101567703963
9093,817,821,1.0960505357257524,1.095219412518549,1.095219412518549,1.098021762444353,-7.557403323100105,0.0,-0.0007582891300290662,2024-01-12 10:15:00+00:00,2024-01-12 11:15:00+00:00,0 days 01:00:00,A_long,0.0006698424839241528,0.0006776835789305177,32.787332441305395,24.678843925258818,1.095898313109254,1.0953484364754331,1.0971069999999998,1.0967495,1.0983156868907458,1.098150563524567
9094,823,825,1.0950504439918909,1.094284007564927,1.094284007564927,1.0969479773052195,-6.969972866810122,0.0,-0.0006999096992920117,2024-01-12 11:45:00+00:00,2024-01-12 12:15:00+00:00,0 days 00:30:00,A_long,0.0006598601103967191,0.0006806060384757678,20.64098820561894,20.463924150793943,1.0948331038563837,1.0943125697789804,1.096494,1.096292,1.0981548961436165,1.0982714302210197
-9061,835,846,1.0980992578730588,1.0948272957155316,1.0993109014281561,1.0948272957155316,29.647249109354238,0.0,0.002979659747575858,2024-01-12 14:45:00+00:00,2024-01-12 17:30:00+00:00,0 days 02:45:00,A_short,0.0011207812377353626,0.000865034547761289,68.32717699772363,32.62920776754909,1.0934709418284205,1.0937812357455672,1.095594,1.0962695,1.0977170581715794,1.0987577642544328
-9106,881,881,1.0958994596875546,1.0963957242210352,1.0963957242210352,1.094812827336895,-4.518984841873488,0.0,-0.0004528376477364038,2024-01-15 02:15:00+00:00,2024-01-15 02:15:00+00:00,0 days 00:00:00,A_short,0.00040296099156371834,0.00040296099156371834,77.16106794011935,77.16106794011935,1.0940537598898414,1.0940537598898414,1.0950175,1.0950175,1.0959812401101585,1.0959812401101585
-9099,882,884,1.0961794340020732,1.0966929609915637,1.0966929609915637,1.095081117025309,-4.672582077373841,0.0,-0.0004684698267103382,2024-01-15 02:30:00+00:00,2024-01-15 03:00:00+00:00,0 days 00:30:00,A_short,0.0003758995260218863,0.00035976453287864935,76.28909914014872,81.02749459108773,1.093981850281797,1.0938820626143837,1.0950865,1.0952655,1.096191149718203,1.0966489373856163
9103,904,910,1.0954504806854355,1.0948808259089022,1.0948808259089022,1.096677522273293,-5.18556743078224,0.0,-0.0005200187380234311,2024-01-15 08:00:00+00:00,2024-01-15 09:30:00+00:00,0 days 01:30:00,A_long,0.0005319508789513618,0.0005981465345474876,53.489454779172135,21.849633544130697,1.0956616519392266,1.0950275864431456,1.0962605,1.096047,1.0968593480607736,1.0970664135568544
9105,911,912,1.0946404063810073,1.0939418534654526,1.0939418534654526,1.0963344396036425,-6.360324296126109,0.0,-0.0006381574364354714,2024-01-15 09:45:00+00:00,2024-01-15 10:00:00+00:00,0 days 00:15:00,A_long,0.0005930603299411418,0.0006406522859489904,26.04377860527451,18.433793656398166,1.0947883514956063,1.0943637015176426,1.095966,1.095843,1.0971436485043937,1.0973222984823572
9105,913,922,1.0939403421673042,1.095781956857847,1.093219347714051,1.095781956857847,16.767901757393034,0.0,0.0016834690335072455,2024-01-15 10:15:00+00:00,2024-01-15 12:30:00+00:00,0 days 02:15:00,A_long,0.0006232319811557931,0.0007269667384655204,16.24321125757659,61.48031815119964,1.0939350342227667,1.093297704905827,1.0957065,1.0949325,1.097477965777233,1.0965672950941732
9113,966,968,1.094810421975764,1.0944678557708727,1.0944678557708727,1.095396432687382,-3.1218058251740453,0.0,-0.0003129000217891864,2024-01-15 23:30:00+00:00,2024-01-16 00:00:00+00:00,0 days 00:30:00,A_long,0.00022919166524357784,0.00022974840633852576,26.37356767016172,18.4139055968687,1.0946666029572698,1.094492906113711,1.094998,1.094919,1.09532939704273,1.095345093886289
9112,969,969,1.0944903926209282,1.0941802515936616,1.0941802515936616,1.0950992452190156,-2.82600504045293,0.0,-0.0002833656917936578,2024-01-16 00:15:00+00:00,2024-01-16 00:15:00+00:00,0 days 00:00:00,A_long,0.00028044861882672227,0.00028044861882672227,9.783593025667429,9.783593025667429,1.094261529050813,1.094261529050813,1.0948509999999998,1.0948509999999998,1.0954404709491865,1.0954404709491865
9114,970,970,1.0939903467539973,1.0936195513811733,1.0936195513811733,1.0947413458564805,-3.379429027918198,0.0,-0.0003389384320658939,2024-01-16 00:30:00+00:00,2024-01-16 00:30:00+00:00,0 days 00:00:00,A_long,0.00036705546964983896,0.00036705546964983896,5.61545917040911,5.61545917040911,1.0938384149411777,1.0938384149411777,1.094754,1.094754,1.0956695850588223,1.0956695850588223
9117,971,971,1.0933002834576326,1.0928329445303502,1.0928329445303502,1.0943011664089493,-4.260729000034159,0.0,-0.0004274570622121443,2024-01-16 00:45:00+00:00,2024-01-16 00:45:00+00:00,0 days 00:00:00,A_long,0.0004901147403631955,0.0004901147403631955,3.0016467692693,3.0016467692693,1.0930872673732799,1.0930872673732799,1.0946,1.0946,1.0961127326267202,1.0961127326267202
9123,972,987,1.092070170624983,1.091469885259637,1.091469885259637,1.0934303442210893,-5.476403388051137,0.0,-0.0005496765514640956,2024-01-16 01:00:00+00:00,2024-01-16 04:45:00+00:00,0 days 03:45:00,A_long,0.0005274327749814278,0.0003449532756771052,2.9887018913138377,27.0237714574517,1.0925583098510456,1.0909890924663408,1.0944509999999998,1.092422,1.096343690148954,1.0938549075336592
9134,1003,1004,1.0902200009173386,1.089260135395317,1.089260135395317,1.0926995938140487,-8.767411678144757,0.0,-0.0008804328678743145,2024-01-16 08:45:00+00:00,2024-01-16 09:00:00+00:00,0 days 00:15:00,A_long,0.0008318826573919501,0.0009036316364063692,33.752184785071776,23.54359294749912,1.0905186075506463,1.090029816891521,1.091496,1.0913645,1.0924733924493537,1.0926991831084791
9132,1005,1006,1.089449930282265,1.0884263683635935,1.0884263683635935,1.092040894909219,-9.347167441308954,0.0,-0.0009395217625158825,2024-01-16 09:15:00+00:00,2024-01-16 09:30:00+00:00,0 days 00:15:00,A_long,0.0008671474182188709,0.0009275277624563531,28.819596740816536,22.36445882901326,1.0897231230881195,1.0892279329085277,1.0912555,1.091106,1.0927878769118804,1.0929840670914721
9129,1007,1012,1.0887798688205779,1.0877724722375437,1.0877724722375437,1.091482583287369,-9.19652340651894,0.0,-0.0009252527640186692,2024-01-16 09:45:00+00:00,2024-01-16 11:00:00+00:00,0 days 01:15:00,A_long,0.0008785240607955215,0.0007644004794797601,21.719263270024754,15.84464130153907,1.0888035125874316,1.0871325395399916,1.0909485,1.09012,1.0930934874125686,1.0931074604600084
9138,1078,1086,1.086759683518177,1.0862412316871692,1.0862412316871692,1.0878763049384919,-4.737612831748709,0.0,-0.00047706207625342056,2024-01-17 03:30:00+00:00,2024-01-17 05:30:00+00:00,0 days 02:00:00,A_long,0.0003955992044533021,0.0003515037196000758,22.226569571712176,27.792476922714314,1.0868343894691193,1.0860302238945438,1.087539,1.0871495,1.0882436105308808,1.0882687761054561
9141,1089,1093,1.08586960187504,1.0870421883814985,1.085332603872834,1.0870421883814985,10.718613255536798,0.0,0.0010798594089325153,2024-01-17 06:15:00+00:00,2024-01-17 07:15:00+00:00,0 days 01:00:00,A_long,0.0004010766435440737,0.0005407120990866777,24.226590634120626,60.699105062742,1.085585909940937,1.0856174981087923,1.0868740000000001,1.086609,1.0881620900590632,1.0876005018912076
-9133,1097,1118,1.0877602064011889,1.085758564905161,1.0885738116982795,1.085758564905161,18.28099178322165,0.0,0.001840149588345552,2024-01-17 08:15:00+00:00,2024-01-17 13:30:00+00:00,0 days 05:15:00,A_short,0.0007019701385089305,0.0009021008805443586,73.75960112291858,28.23311469716316,1.085512690102777,1.086107308526138,1.08666,1.0872825000000002,1.087807309897223,1.0884576914738624
9167,1119,1123,1.0859696110484263,1.0849578991194557,1.0849578991194557,1.088566302641633,-9.27436325287292,0.0,-0.0009316208471006338,2024-01-17 13:45:00+00:00,2024-01-17 14:45:00+00:00,0 days 01:00:00,A_long,0.0009418207631384265,0.0009256672161184488,38.627126233911376,25.3633934899336,1.0860563465841093,1.0853867918413749,1.087268,1.0870605,1.0884796534158905,1.088734208158625
9167,1124,1142,1.0849795202319032,1.0876570016483553,1.0839543327838816,1.0876570016483553,24.544472144616186,0.0,0.002467771387868911,2024-01-17 15:00:00+00:00,2024-01-17 19:30:00+00:00,0 days 04:30:00,A_long,0.0011262449206360095,0.0007386641054286392,49.424660336969836,70.24799210966654,1.0853705243294884,1.0846736866694657,1.0869735,1.0860825,1.0885764756705116,1.0874913133305344
-9165,1143,1159,1.0875902219959455,1.0884186641054285,1.0884186641054285,1.0854640076837143,-7.592671933412374,0.0,-0.000761722653190855,2024-01-17 19:45:00+00:00,2024-01-17 23:45:00+00:00,0 days 04:00:00,A_short,0.0007068422247048133,0.0002763962265922129,63.43649333183634,78.67240920728459,1.0848040203954865,1.086999783693146,1.0862075,1.0878985,1.0876109796045135,1.0887972163068542
-9144,1164,1164,1.0892900660483806,1.0897919342741273,1.0897919342741273,1.088144197177618,-4.589083056227967,0.0,-0.0004607296452885379,2024-01-18 01:00:00+00:00,2024-01-18 01:00:00+00:00,0 days 00:00:00,A_short,0.00046900970424376773,0.00046900970424376773,84.71278291805343,84.71278291805343,1.0872641718893348,1.0872641718893348,1.088288,1.088288,1.089311828110665,1.089311828110665
-9137,1165,1169,1.0896900293548357,1.0902590097042437,1.0902590097042437,1.088382970887269,-5.198773452540889,0.0,-0.000522148807532874,2024-01-18 01:15:00+00:00,2024-01-18 02:15:00+00:00,0 days 01:00:00,A_short,0.000467808410344586,0.0005362977976859594,83.80101781179823,62.372269446394235,1.0873069345337418,1.0873418322908543,1.0884125,1.0887275,1.0895180654662582,1.0901131677091458
-9129,1185,1187,1.0900399972479844,1.0906432464115052,1.0906432464115052,1.0887102607654844,-5.507061613781711,0.0,-0.0005534192919929293,2024-01-18 06:15:00+00:00,2024-01-18 06:45:00+00:00,0 days 00:30:00,A_short,0.0004828135566378381,0.00045331329365242844,79.20365443089736,72.99280130217612,1.0888756518369365,1.088805878745925,1.0895350000000001,1.0896255,1.0901943481630638,1.090445121254075
9141,1193,1198,1.088139810110906,1.089946938954035,1.0874176870153216,1.089946938954035,16.5189647550417,0.0,0.0016607506005545947,2024-01-18 08:15:00+00:00,2024-01-18 09:30:00+00:00,0 days 01:15:00,A_long,0.0006493379200544914,0.0007307654378281889,34.29989692886177,57.31795742386152,1.0882935160243483,1.0877366156130892,1.089487,1.0892804999999999,1.0906804839756519,1.0908243843869105
9164,1213,1213,1.087309733971801,1.0865925907864227,1.0865925907864227,1.0890222276407318,-6.571900150806736,0.0,-0.0006595574039043317,2024-01-18 13:15:00+00:00,2024-01-18 13:15:00+00:00,0 days 00:00:00,A_long,0.0006277546517669049,0.0006277546517669049,18.994008620319875,18.994008620319875,1.0870592279687215,1.0870592279687215,1.0885330000000002,1.0885330000000002,1.090006772031279,1.090006772031279
9162,1214,1214,1.086789686270193,1.0860222453482329,1.0860222453482329,1.088533263955301,-7.031293726997671,0.0,-0.0007061540348195505,2024-01-18 13:30:00+00:00,2024-01-18 13:30:00+00:00,0 days 00:00:00,A_long,0.0008360540315313061,0.0008360540315313061,13.503669826466961,13.503669826466961,1.0864861966973358,1.0864861966973358,1.0884179999999999,1.0884179999999999,1.090349803302664,1.090349803302664
9164,1215,1223,1.0857195881149608,1.0847939459684688,1.0847939459684688,1.088138162094594,-8.4825846304531,0.0,-0.0008525609711980131,2024-01-18 13:45:00+00:00,2024-01-18 15:45:00+00:00,0 days 02:00:00,A_long,0.0009259134939937853,0.0011931417422228951,11.976383230850743,34.71790371178052,1.0859072356928534,1.0843162461761071,1.0882815,1.087054,1.0906557643071464,1.0897917538238928
-9142,1246,1255,1.0873202467640881,1.0879329218637628,1.0879329218637628,1.0858412344087116,-5.601075761225782,0.0,-0.0005634725385625927,2024-01-18 21:30:00+00:00,2024-01-18 23:45:00+00:00,0 days 02:15:00,A_short,0.0004958656152610681,0.0004169498219671917,73.47162676571986,67.54023339581461,1.085330112701212,1.0860246481033577,1.0864170000000002,1.087126,1.0875038872987883,1.0882273518966423
-9126,1263,1289,1.0885601330140995,1.0873621548471328,1.0890792817176222,1.0873621548471328,10.932748751737659,0.0,0.0011005162972941296,2024-01-19 01:45:00+00:00,2024-01-19 08:15:00+00:00,0 days 06:30:00,A_short,0.00041737748860594783,0.0005330984586525356,73.43754006666428,32.40492963205104,1.0869947699183633,1.0873283274538061,1.0877745,1.088226,1.0885542300816369,1.0891236725461937
9150,1291,1300,1.0871097156250287,1.0886300559924966,1.086483314669168,1.0886300559924966,13.911114362331778,0.0,0.00139851603349328,2024-01-19 08:45:00+00:00,2024-01-19 11:00:00+00:00,0 days 02:15:00,A_long,0.0006024606200545705,0.0006753991963884323,47.16096362557469,62.7691992703573,1.0871152588109378,1.0870588412359898,1.0880835,1.0878619999999999,1.0890517411890621,1.08866515876401
9162,1315,1326,1.087149719294383,1.0892985824696149,1.0863138058434616,1.0892985824696149,19.68788441147352,0.0,0.0019766027963714627,2024-01-19 14:45:00+00:00,2024-01-19 17:30:00+00:00,0 days 02:45:00,A_long,0.0007813682689998859,0.0007631473050603845,51.52335433123164,63.46751350781204,1.0871354457537088,1.087110009708689,1.0881125,1.0881399999999999,1.0890895542462913,1.0891699902913108
-9152,1357,1361,1.0903299706451643,1.0908825330752652,1.0908825330752652,1.0890724007742045,-5.057051360282728,0.0,-0.0005067845927173575,2024-01-22 01:15:00+00:00,2024-01-22 02:15:00+00:00,0 days 01:00:00,A_short,0.00046686199856321345,0.00045294470204373434,60.455527156299254,72.8490642586193,1.0887792185207403,1.0886729084983888,1.089493,1.0896824999999999,1.0902067814792598,1.090692091501611
-9144,1362,1384,1.090689937620974,1.0894211658938686,1.091232944702044,1.0894211658938686,11.601648672651574,0.0,0.0011632744406470108,2024-01-22 02:30:00+00:00,2024-01-22 08:00:00+00:00,0 days 05:30:00,A_short,0.0004272187417712267,0.0005250277502690862,69.33237054853566,25.701099883065922,1.0886326589578312,1.089687614062876,1.0897335,1.0902355,1.0908343410421686,1.0907833859371239
9166,1385,1387,1.089529937620974,1.0889049722497308,1.0889049722497308,1.0910050832508071,-5.728432592814481,0.0,-0.0005736100952010714,2024-01-22 08:15:00+00:00,2024-01-22 08:45:00+00:00,0 days 00:30:00,A_long,0.0005696907168998562,0.000624167694027008,43.66233306291884,34.54448418147064,1.0896478256497317,1.089195435373574,1.09021,1.090091,1.090772174350268,1.0909865646264258
9175,1448,1455,1.087859784425425,1.0885419854999738,1.087446004833342,1.0885419854999738,6.259194858985795,0.0,0.0006271038642255977,2024-01-23 00:00:00+00:00,2024-01-23 01:45:00+00:00,0 days 01:45:00,A_long,0.0002761291444367832,0.00038725776735332824,27.52870178488061,70.98221298719,1.087775030563235,1.0876424475917559,1.088184,1.0881195,1.088592969436765,1.088596552408244
-9172,1456,1458,1.088730117419343,1.0892172577673533,1.0892172577673533,1.0876682266979398,-4.468051271951855,0.0,-0.00044743903031285726,2024-01-23 02:00:00+00:00,2024-01-23 02:30:00+00:00,0 days 00:30:00,A_short,0.0004036233983728859,0.00038432157477785126,68.83248351334025,77.35459138967684,1.0875902626860177,1.0873796239948839,1.0881444999999998,1.0882425,1.088698737313982,1.0891053760051161
-9164,1459,1467,1.089200074304428,1.0896843215747778,1.0896843215747778,1.0881470352756664,-4.437641985486505,0.0,-0.0004445898249310076,2024-01-23 02:45:00+00:00,2024-01-23 04:45:00+00:00,0 days 02:00:00,A_short,0.0004264120314741571,0.00037522818511911244,55.83738512793246,73.89075681827383,1.0873814577711594,1.0874948726592233,1.0882694999999998,1.0887464999999998,1.0891575422288402,1.0899981273407764
-9150,1471,1471,1.090319971562503,1.0907877381696909,1.0907877381696909,1.0893167854909271,-4.2800644557697165,0.0,-0.000429017737350712,2024-01-23 05:45:00+00:00,2024-01-23 05:45:00+00:00,0 days 00:00:00,A_short,0.000372039747065426,0.000372039747065426,82.65254481023652,82.65254481023652,1.0877103188946868,1.0877103188946868,1.089184,1.089184,1.090657681105313,1.090657681105313
-9144,1472,1475,1.0905899467943603,1.0910620397470654,1.0910620397470654,1.0895738807588036,-4.316817959535586,0.0,-0.0004328785113898448,2024-01-23 06:00:00+00:00,2024-01-23 06:45:00+00:00,0 days 00:45:00,A_short,0.0003944344474567006,0.00044587629068513644,63.174859309784985,78.5128258385631,1.0878416722362647,1.0881827867772285,1.089288,1.0896995,1.0907343277637354,1.0912162132227716
-9134,1476,1482,1.0912998816633184,1.0900523711279446,1.0918358762906852,1.0900523711279446,11.394761230103857,0.0,0.0011431418222755951,2024-01-23 07:00:00+00:00,2024-01-23 08:30:00+00:00,0 days 01:30:00,A_short,0.00043975945192714205,0.0006363833415986413,79.26763753368216,37.03056604481231,1.0881951296573178,1.089017306032274,1.089834,1.0902805,1.0914728703426821,1.0915436939677259
9166,1485,1488,1.0889998890020272,1.0882077387345324,1.0882077387345324,1.0909367837964026,-7.260849351857296,0.0,-0.0007274107880954617,2024-01-23 09:15:00+00:00,2024-01-23 10:00:00+00:00,0 days 00:45:00,A_long,0.0006926264300717988,0.0006885689679607826,33.7701704420373,23.39108161233598,1.0888905404120253,1.0883038839897483,1.0902515,1.0900915000000002,1.0916124595879746,1.0918791160102521
9164,1489,1491,1.0883998339617103,1.0876114310320393,1.0876114310320393,1.0903657069038823,-7.224924447504794,0.0,-0.0007243688441234131,2024-01-23 10:15:00+00:00,2024-01-23 10:45:00+00:00,0 days 00:30:00,A_long,0.0006540931055660024,0.0007225854881806777,27.98020393937543,15.416107359826412,1.0880855446827198,1.0872582758087905,1.0900130000000001,1.0897005,1.0919404553172805,1.0921427241912094
9169,1492,1493,1.087049710120997,1.0862174145118193,1.0862174145118193,1.0891077564645422,-7.63131844055076,0.0,-0.0007656463190492957,2024-01-23 11:00:00+00:00,2024-01-23 11:15:00+00:00,0 days 00:15:00,A_long,0.0006889074230899463,0.000749053100011276,21.128768410590624,16.10773454327439,1.086876929113773,1.0863757638112852,1.0895485,1.0893285000000001,1.092220070886227,1.092281236188715
9167,1494,1506,1.08644965508068,1.085590946899989,1.085590946899989,1.0885871593000336,-7.871777892394429,0.0,-0.0007903800941675421,2024-01-23 11:30:00+00:00,2024-01-23 14:30:00+00:00,0 days 03:00:00,A_long,0.0006945126866764402,0.0007682787855555024,19.948977752418713,27.815447225533433,1.0859895723029687,1.0854745077748642,1.089117,1.087034,1.0922444276970311,1.088593492225136
9169,1508,1509,1.0853795569254479,1.0844688250525185,1.0844688250525185,1.087633524842444,-8.3505005428891,0.0,-0.0008390906822578481,2024-01-23 15:00:00+00:00,2024-01-23 15:15:00+00:00,0 days 00:15:00,A_long,0.0008656849544838987,0.0009529269605527373,20.480915933075465,14.751372196952417,1.0850705101977218,1.0846070478125336,1.0866885,1.086458,1.088306489802278,1.0883089521874663
9173,1510,1510,1.0839394248286869,1.0828770730394472,1.0828770730394472,1.0866887808816585,-9.744952962695173,0.0,-0.0009800840940973332,2024-01-23 15:30:00+00:00,2024-01-23 15:30:00+00:00,0 days 00:00:00,A_long,0.0010538700324790524,0.0010538700324790524,10.065342415701437,10.065342415701437,1.0837098706231392,1.0837098706231392,1.0861785,1.0861785,1.0886471293768607,1.0886471293768607
9177,1511,1534,1.0824392872278945,1.0854916100974374,1.0812761299675209,1.0854916100974374,28.011166973795504,0.0,0.002819855954563355,2024-01-23 15:45:00+00:00,2024-01-23 21:30:00+00:00,0 days 05:45:00,A_long,0.0010666873614818433,0.00048428121862650783,23.994790116104795,66.11387462645817,1.0832017437246935,1.0825294993534578,1.0859855,1.0840764999999999,1.0887692562753066,1.085623500646542
-9167,1563,1572,1.0864403274898864,1.0868450161008445,1.0868450161008445,1.0855849516974665,-3.7097804966529377,0.0,-0.00037249041729991994,2024-01-24 04:45:00+00:00,2024-01-24 07:00:00+00:00,0 days 02:15:00,A_short,0.0003090139540652097,0.00040724266567536286,72.54906311543688,69.59912522388976,1.0852852372773587,1.0854993867912004,1.085833,1.086152,1.0863807627226414,1.0868046132087996
-9160,1574,1574,1.0868402907963417,1.0873522769769188,1.0873522769769188,1.0857431690692438,-4.689793414086498,0.0,-0.0004710776596275057,2024-01-24 07:30:00+00:00,2024-01-24 07:30:00+00:00,0 days 00:00:00,A_short,0.00047797337999614807,0.00047797337999614807,83.5886235985438,83.5886235985438,1.0853729211107277,1.0853729211107277,1.08633,1.08633,1.0872870788892723,1.0872870788892723
-9148,1575,1578,1.0877802045665117,1.0864460798600113,1.0883579733799962,1.0864460798600113,12.204572815065713,0.0,0.0012264653290248173,2024-01-24 07:45:00+00:00,2024-01-24 08:30:00+00:00,0 days 00:45:00,A_short,0.0005422435959966417,0.0007629834608606085,64.67381702735506,51.27366908211381,1.0854097360556065,1.0854428191921732,1.0864115,1.0866175,1.0874132639443936,1.0877921808078268
-9155,1581,1582,1.0883601513608718,1.0892669075772687,1.0892669075772687,1.0859192772681938,-8.3013531611137,0.0,-0.0008331398528906853,2024-01-24 09:15:00+00:00,2024-01-24 09:30:00+00:00,0 days 00:15:00,A_short,0.0008266532336328324,0.000983099469148455,73.79893631308525,82.50103103206736,1.0854407098746794,1.0850587334632171,1.0869415,1.087128,1.0884422901253206,1.089197266536783
-9132,1583,1597,1.0901599862399207,1.0912430994691484,1.0912430994691484,1.0873107015925547,-9.89099000930751,0.0,-0.0009935360340673771,2024-01-24 09:45:00+00:00,2024-01-24 13:15:00+00:00,0 days 03:30:00,A_short,0.0009200195399286624,0.0008371311314126001,82.545922460285,74.82831372462363,1.0848657499107837,1.0873562954425608,1.0873190000000001,1.089409,1.0897722500892166,1.0914617045574393
-9104,1600,1607,1.0923897816734092,1.0895441978505505,1.0934719340498165,1.0895441978505505,25.9061951233057,0.0,0.0026049161852279568,2024-01-24 14:00:00+00:00,2024-01-24 15:45:00+00:00,0 days 01:45:00,A_short,0.0009310095098410166,0.0010599056375772413,76.86708632092606,41.99368142920569,1.0880929627019393,1.0880755225318386,1.090077,1.0905165,1.0920610372980606,1.0929574774681616
9169,1641,1644,1.0876197624092983,1.0872092648594596,1.0872092648594596,1.0884522054216215,-3.763852034470896,0.0,-0.0003774274466376015,2024-01-25 00:15:00+00:00,2024-01-25 01:00:00+00:00,0 days 00:45:00,A_long,0.00031197045513505026,0.0003416175081278834,18.021053164649118,21.142799844209748,1.087562971595092,1.0872246964199528,1.0883155,1.0881060000000002,1.089068028404908,1.0889873035800477
-9157,1667,1668,1.08842014585684,1.0888519632296745,1.0888519632296745,1.0875641103109766,-3.954151683044376,0.0,-0.0003967377620472945,2024-01-25 06:45:00+00:00,2024-01-25 07:00:00+00:00,0 days 00:15:00,A_short,0.00032703479905126355,0.00034343015917776996,77.74981268935736,83.3271143369591,1.0873810563937638,1.087273788964905,1.087913,1.0879675,1.088444943606236,1.088661211035095
-9150,1669,1674,1.0888401073286182,1.0892834301591778,1.0892834301591778,1.0879097095224666,-4.056403899620243,0.0,-0.00040715145187597557,2024-01-25 07:15:00+00:00,2024-01-25 08:30:00+00:00,0 days 01:15:00,A_short,0.0003549728046207247,0.0005258589202252601,82.62425726217197,83.24537395215408,1.0872081456919853,1.0871729756854096,1.088018,1.088304,1.0888278543080145,1.0894350243145903
-9142,1675,1693,1.0894500513709626,1.0900558589202254,1.0900558589202254,1.0879524232393243,-5.538292615360153,0.0,-0.0005560673006534955,2024-01-25 08:45:00+00:00,2024-01-25 13:15:00+00:00,0 days 04:30:00,A_short,0.0005517443975285659,0.0007405162165847791,86.75975454310517,46.21484796368444,1.0871140266411277,1.0886721319864823,1.088409,1.0892905,1.0897039733588723,1.0899088680135176
9163,1697,1700,1.0865196615020503,1.084984674332493,1.084984674332493,1.0906859770025217,-14.065087434654052,0.0,-0.0014127559987596738,2024-01-25 14:15:00+00:00,2024-01-25 15:00:00+00:00,0 days 00:45:00,A_long,0.0014539489118395536,0.001399237262018251,26.215575976771817,16.892845352903393,1.087156869182562,1.0854082480123917,1.088896,1.0882855,1.0906351308174382,1.0911627519876084
9165,1701,1703,1.0847895028024694,1.0832907627379817,1.0832907627379817,1.0888877117860545,-13.735952691029691,0.0,-0.001381595287026527,2024-01-25 15:15:00+00:00,2024-01-25 15:45:00+00:00,0 days 00:30:00,A_long,0.00139533896041583,0.0013076990413790088,15.754171114713515,11.622764355914313,1.0847536704866996,1.083336498778373,1.0880295,1.0874295,1.0913053295133004,1.0915225012216272
9165,1704,1765,1.083259362449661,1.081862300958621,1.081862300958621,1.0870930971241368,-12.804068565380758,0.0,-0.0012896832831249538,2024-01-25 16:00:00+00:00,2024-01-26 07:15:00+00:00,0 days 15:15:00,A_long,0.001294672502528495,0.0005246827907339853,19.664459451428897,13.094638707874878,1.082802687970715,1.0823688012570627,1.0871549999999999,1.083896,1.0915073120292846,1.0854231987429372
9166,1766,1770,1.0817392230141911,1.0832140483722017,1.081115317209266,1.0832140483722017,13.518249231524964,0.0,0.0013633834538244738,2024-01-26 07:30:00+00:00,2024-01-26 08:30:00+00:00,0 days 01:00:00,A_long,0.0005427250853028013,0.0006628292575077972,12.77299049304392,59.077667963838614,1.0819571707876419,1.081544449235342,1.0837400000000001,1.083374,1.0855228292123584,1.085203550764658
-9145,1777,1779,1.085490414637055,1.086403982148969,1.086403982148969,1.0831080535530928,-8.354574896454176,0.0,-0.0008416172999736737,2024-01-26 10:15:00+00:00,2024-01-26 10:45:00+00:00,0 days 00:30:00,A_short,0.0008234511957732657,0.0007438366759363482,80.25095107794583,82.23851085295188,1.0811976201135154,1.0808950300070896,1.0835495,1.0837485,1.0859013798864845,1.0866019699929104
9147,1825,1841,1.0845294789516653,1.0839544250875501,1.0839544250875501,1.0858567247373496,-5.2600176950613715,0.0,-0.000530233502431865,2024-01-28 22:15:00+00:00,2024-01-29 02:15:00+00:00,0 days 04:00:00,A_long,0.00044283159078980963,0.0003679854196925011,22.731732776568236,41.791355686459646,1.084605307879878,1.0839373789704427,1.085677,1.0844745,1.086748692120122,1.0850116210295573
9151,1868,1869,1.083549389052481,1.0829233619990828,1.0829233619990828,1.085069914002752,-5.7287735656469625,0.0,-0.0005777559008598443,2024-01-29 09:00:00+00:00,2024-01-29 09:15:00+00:00,0 days 00:15:00,A_long,0.0005384196007949142,0.0005466303206889168,22.448578438094103,17.275265727164964,1.0832747655675425,1.0829989071000083,1.08416,1.08407,1.0850452344324575,1.0851410928999918
9152,1870,1872,1.0828193220867617,1.0821633696793111,1.0821633696793111,1.0843498909620668,-6.003276432987278,0.0,-0.0006057819564823097,2024-01-29 09:30:00+00:00,2024-01-29 10:00:00+00:00,0 days 00:30:00,A_long,0.0005990796112637201,0.0005732642413491887,21.63655950967582,15.382360004920912,1.082813564225736,1.0823076445647863,1.0839735,1.0837775,1.085133435774264,1.0852473554352138
9150,1873,1873,1.0823392780545082,1.081666735758651,1.081666735758651,1.0839597927240476,-6.153762007094632,0.0,-0.0006213784434269121,2024-01-29 10:15:00+00:00,2024-01-29 10:15:00+00:00,0 days 00:00:00,A_long,0.0006008290091692973,0.0006008290091692973,11.115586617511497,11.115586617511497,1.0819244832466341,1.0819244832466341,1.0836555,1.0836555,1.085386516753366,1.085386516753366
9150,1874,1882,1.0817392230141911,1.0834424870275077,1.0810391709908307,1.0834424870275077,15.584865721846452,0.0,0.0015745606492574282,2024-01-29 10:30:00+00:00,2024-01-29 12:30:00+00:00,0 days 02:00:00,A_long,0.0005807184746133696,0.0005692125196151575,18.90230189838499,69.93099478968287,1.0816506568938216,1.081337572184765,1.0835380000000001,1.0827575,1.0854253431061787,1.0841774278152352
9170,1889,1893,1.0810091560484723,1.0801503434515147,1.0801503434515147,1.083188969645456,-7.87531151410051,0.0,-0.0007944545077646081,2024-01-29 14:15:00+00:00,2024-01-29 15:15:00+00:00,0 days 01:00:00,A_long,0.0007077023420206763,0.0006852102042558633,26.365939741740462,19.125471106279562,1.080924267770642,1.0800949075842314,1.0821640000000001,1.0818195,1.0834037322293582,1.0835440924157684
-9145,1913,1913,1.0829006522277569,1.0834995733305717,1.0834995733305717,1.0814612800082846,-5.477133485241224,0.0,-0.0005530711442298664,2024-01-29 20:15:00+00:00,2024-01-29 20:15:00+00:00,0 days 00:00:00,A_short,0.0005816302198288967,0.0005816302198288967,87.7738825180252,87.7738825180252,1.0795212737968893,1.0795212737968893,1.0812875,1.0812875,1.0830537262031106,1.0830537262031106
-9135,1914,1955,1.0835705907660693,1.0819251093405131,1.0842516302198288,1.0819251093405131,15.031472822455939,0.0,0.0015185733532994128,2024-01-29 20:30:00+00:00,2024-01-30 06:45:00+00:00,0 days 10:15:00,A_short,0.0006214128571850428,0.00039878350431403996,75.35605801690242,19.3270346454223,1.0795580477205013,1.081752816063287,1.081444,1.0827750000000003,1.0833299522794988,1.0837971839367135
9167,1956,1960,1.081589209254112,1.0826963505129419,1.081101216495686,1.0826963505129419,10.14916391969402,0.0,0.001023624541884427,2024-01-30 07:00:00+00:00,2024-01-30 08:00:00+00:00,0 days 01:00:00,A_long,0.0003869457037388094,0.0005494940492737132,17.846765903873475,60.14910268309355,1.081511046470302,1.0812159757998736,1.0826865,1.082435,1.0838619535296983,1.0836540242001265
-9159,1971,1973,1.0833906072781647,1.0841217495135882,1.0841217495135882,1.0815947514592357,-6.696531734243621,0.0,-0.0006748648460783713,2024-01-30 10:45:00+00:00,2024-01-30 11:15:00+00:00,0 days 00:30:00,A_short,0.0006235162451097726,0.0006100188685491306,78.2513501088354,82.61345482799743,1.0810621547329193,1.08084836278527,1.0823005,1.0824799999999999,1.0835388452670809,1.0841116372147297
-9146,1974,1979,1.0842405293043822,1.0849500188685492,1.0849500188685492,1.0825099433943526,-6.488991553871876,0.0,-0.0006543654705679636,2024-01-30 11:30:00+00:00,2024-01-30 12:45:00+00:00,0 days 01:15:00,A_short,0.0006433496860759242,0.0006425038156275636,85.6658310089263,73.47971813793185,1.0807203749380363,1.0813638785973312,1.0826155,1.0832944999999998,1.0845106250619636,1.0852251214026685
9145,2031,2031,1.083859417489978,1.083437442561306,1.083437442561306,1.0847676723160815,-3.8589607227056213,0.0,-0.0003893262556589061,2024-01-31 01:45:00+00:00,2024-01-31 01:45:00+00:00,0 days 00:00:00,A_long,0.0003842164468679457,0.0003842164468679457,15.689679306558688,15.689679306558688,1.083624677374576,1.083624677374576,1.084268,1.084268,1.0849113226254241,1.0849113226254241
9147,2032,2032,1.083229359697645,1.082745783553132,1.082745783553132,1.0842826493406037,-4.423270993860395,0.0,-0.0004464208250853918,2024-01-31 02:00:00+00:00,2024-01-31 02:00:00+00:00,0 days 00:00:00,A_long,0.00045698758728553634,0.00045698758728553634,9.454152502804604,9.454152502804604,1.0830628418944859,1.0830628418944859,1.0841595,1.0841595,1.085256158105514,1.085256158105514
9150,2033,2034,1.0823092753024923,1.0817630124127144,1.0817630124127144,1.0835909627618565,-4.998305441467621,0.0,-0.0005047197711811613,2024-01-31 02:15:00+00:00,2024-01-31 02:30:00+00:00,0 days 00:15:00,A_long,0.00046405590898079954,0.0004595151211166837,8.667916673815554,7.371167832733349,1.082617849866434,1.0821770892356801,1.0840325,1.083886,1.0854471501335659,1.0855949107643197
9150,2035,2055,1.0818392321875774,1.0812504848788833,1.0812504848788833,1.0830885453633499,-5.387037874550749,0.0,-0.0005442096119064876,2024-01-31 02:45:00+00:00,2024-01-31 07:45:00+00:00,0 days 05:00:00,A_long,0.00042491310496778963,0.00045931002698504527,11.535878050453576,35.66101585257381,1.0818417004290306,1.0815684485447465,1.0837525,1.081877,1.0856632995709692,1.0821855514552534
9149,2057,2060,1.0813391863206465,1.0828442060701613,1.080718597976613,1.0828442060701613,13.769425688310722,0.0,0.0013918109771233755,2024-01-31 08:15:00+00:00,2024-01-31 09:00:00+00:00,0 days 00:45:00,A_long,0.0006512150869353974,0.0008473598654806061,50.45537954837297,69.41413291568693,1.0814451847174358,1.0812053857368744,1.0818545,1.0819569999999998,1.082263815282564,1.0827086142631253
-9143,2062,2077,1.083400606360826,1.0843517118834165,1.0843517118834165,1.0809448643497501,-8.69595779304576,0.0,-0.0008778890440030995,2024-01-31 09:30:00+00:00,2024-01-31 13:15:00+00:00,0 days 03:45:00,A_short,0.0008354836322943073,0.0007033392015656106,64.231044496084,70.56766337636759,1.0809695455463473,1.0819452369430247,1.0820919999999998,1.0832640000000002,1.0832144544536524,1.0845827630569758
-9118,2079,2079,1.0853304293144728,1.0862235606413568,1.0862235606413568,1.083049318075929,-8.143571438528921,0.0,-0.0008229119010771946,2024-01-31 13:45:00+00:00,2024-01-31 13:45:00+00:00,0 days 00:00:00,A_short,0.0008197525558425835,0.0008197525558425835,81.22062256919166,81.22062256919166,1.0819001639421715,1.0819001639421715,1.0836080000000001,1.0836080000000001,1.0853158360578288,1.0853158360578288
-9108,2080,2080,1.0856503999596372,1.0865697525558426,1.0865697525558426,1.083290742332472,-8.373463446239313,0.0,-0.0008468219569022217,2024-01-31 14:00:00+00:00,2024-01-31 14:00:00+00:00,0 days 00:00:00,A_short,0.0009451188817302369,0.0009451188817302369,86.77131045089864,86.77131045089864,1.0815734982516572,1.0815734982516572,1.08379,1.08379,1.086006501748343,1.086006501748343
-9091,2081,2082,1.0867902953830346,1.0878351188817301,1.0878351188817301,1.0840546433548093,-9.498490426640807,0.0,-0.0009613846416682836,2024-01-31 14:15:00+00:00,2024-01-31 14:30:00+00:00,0 days 00:15:00,A_short,0.0009404363641662009,0.0010257115156106962,78.12375230771823,83.27094222368012,1.0814319292556014,1.0812364004380508,1.083941,1.084158,1.0864500707443987,1.087079599561949
-9077,2083,2083,1.087400239425379,1.0885357115156107,1.0885357115156107,1.0844328654531679,-10.306680163032976,0.0,-0.0010442080561170464,2024-01-31 14:45:00+00:00,2024-01-31 14:45:00+00:00,0 days 00:00:00,A_short,0.0010916166468625988,0.0010916166468625988,85.21683432148757,85.21683432148757,1.0812252669259603,1.0812252669259603,1.0844470000000002,1.0844470000000002,1.08766873307404,1.08766873307404
-9064,2084,2089,1.0879001935584482,1.084715150059412,1.0890816166468626,1.084715150059412,28.86923427526361,0.0,0.002927698255681066,2024-01-31 15:00:00+00:00,2024-01-31 16:15:00+00:00,0 days 01:15:00,A_short,0.0011580677606142498,0.0012486407282854414,74.3993466677748,38.61186760852923,1.081329023951239,1.082428599889006,1.08469,1.085313,1.0880509760487609,1.088197400110994
9131,2101,2104,1.083229359697645,1.0819200532274815,1.0819200532274815,1.0867198403175558,-11.955277379062679,0.0,-0.0012087065942608666,2024-01-31 19:15:00+00:00,2024-01-31 20:00:00+00:00,0 days 00:45:00,A_long,0.0012186205361828174,0.0021041923905166515,23.939296008009904,29.589043376187405,1.082803651422818,1.0824383691090327,1.0853065000000002,1.0847075,1.0878093485771823,1.0869766308909672
9136,2105,2120,1.0813191844859693,1.08039,1.0791358076094832,1.0875525771715502,-8.48902946381596,0.0,-0.0008593063910273813,2024-01-31 20:15:00+00:00,2024-02-01 00:00:00+00:00,0 days 03:45:00,A_long,0.002028966738447748,0.0007006612417195032,26.059323639555174,26.19618029281358,1.0815481845484924,1.078928902650262,1.0844010000000002,1.0815625,1.087253815451508,1.084196097349738
