Equity,DrawdownPct,DrawdownDuration
10000.0,0.0,
10000.0,0.0,
10000.0,0.0,
10000.0,0.0,
10000.0,0.0,
10000.0,0.0,
10000.0,0.0,
10000.0,0.0,
10000.0,0.0,
10000.0,0.0,
10000.0,0.0,
10000.0,0.0,
10000.0,0.0,
10000.0,0.0,
10000.0,0.0,
10000.0,0.0,
10000.0,0.0,
10000.0,0.0,
10000.0,0.0,
10000.0,0.0,
10000.0,0.0,
10000.0,0.0,
10000.0,0.0,
10000.0,0.0,
10000.0,0.0,
10000.0,0.0,
10000.0,0.0,
10000.0,0.0,
10000.0,0.0,
10000.0,0.0,
10000.0,0.0,
10000.0,0.0,
10000.0,0.0,
10000.0,0.0,
10000.0,0.0,
10000.0,0.0,
10000.0,0.0,
10000.0,0.0,
9989.094008312808,0.0010905991687192307,
9994.46277870799,0.0005537221292010175,
9988.105378707989,0.0011894621292011243,
9993.709928707991,0.000629007129200887,
9993.04072870799,0.0006959271292009683,
9996.47037870799,0.00035296212920088443,
9997.39052870799,0.0002609471292009946,
9999.314478707991,6.855212920087173e-05,
9992.036928707988,0.0007963071292012014,
9994.21182870799,0.000578817129200937,
9996.72132870799,0.00032786712920096495,
9997.39052870799,0.0002609471292009946,
10001.154778707989,0.0,0 days 03:15:00
10002.82777870799,0.0,
10004.919028707991,0.0,
10006.881453077876,0.0,
10006.881453077876,0.0,
10006.881453077876,0.0,
10006.881453077876,0.0,
10006.881453077876,0.0,
10006.881453077876,0.0,
10006.881453077876,0.0,
10006.881453077876,0.0,
10006.881453077876,0.0,
10006.881453077876,0.0,
10006.881453077876,0.0,
10006.881453077876,0.0,
10006.881453077876,0.0,
10006.881453077876,0.0,
10006.881453077876,0.0,
10006.881453077876,0.0,
10006.881453077876,0.0,
10006.881453077876,0.0,
10006.881453077876,0.0,
10006.881453077876,0.0,
10006.881453077876,0.0,
10006.881453077876,0.0,
10006.881453077876,0.0,
10006.881453077876,0.0,
10006.881453077876,0.0,
10006.881453077876,0.0,
10006.881453077876,0.0,
10006.881453077876,0.0,
10006.881453077876,0.0,
10006.881453077876,0.0,
10006.881453077876,0.0,
10006.881453077876,0.0,
10006.881453077876,0.0,
10006.881453077876,0.0,
10006.881453077876,0.0,
10006.881453077876,0.0,
10006.881453077876,0.0,
10006.881453077876,0.0,
10006.881453077876,0.0,
10006.881453077876,0.0,
10006.881453077876,0.0,
10006.881453077876,0.0,
10006.881453077876,0.0,
10006.881453077876,0.0,
10006.881453077876,0.0,
10006.881453077876,0.0,
10006.881453077876,0.0,
10006.881453077876,0.0,
10006.881453077876,0.0,
10006.881453077876,0.0,
10006.881453077876,0.0,
10006.881453077876,0.0,
10006.881453077876,0.0,
10006.881453077876,0.0,
10006.881453077876,0.0,
10006.881453077876,0.0,
10006.881453077876,0.0,
10006.881453077876,0.0,
10006.881453077876,0.0,
10006.881453077876,0.0,
10006.881453077876,0.0,
10006.881453077876,0.0,
10006.881453077876,0.0,
10006.881453077876,0.0,
10006.881453077876,0.0,
10006.881453077876,0.0,
10006.881453077876,0.0,
10006.881453077876,0.0,
10006.881453077876,0.0,
10006.881453077876,0.0,
10006.881453077876,0.0,
10006.881453077876,0.0,
10006.881453077876,0.0,
10006.881453077876,0.0,
10006.881453077876,0.0,
10006.881453077876,0.0,
10006.881453077876,0.0,
10006.881453077876,0.0,
10006.881453077876,0.0,
10006.881453077876,0.0,
10006.881453077876,0.0,
10006.881453077876,0.0,
10006.881453077876,0.0,
10006.881453077876,0.0,
10006.881453077876,0.0,
10006.881453077876,0.0,
10006.881453077876,0.0,
10006.881453077876,0.0,
10006.881453077876,0.0,
10006.881453077876,0.0,
10006.881453077876,0.0,
10006.881453077876,0.0,
10006.881453077876,0.0,
10006.881453077876,0.0,
10006.881453077876,0.0,
10006.881453077876,0.0,
10006.881453077876,0.0,
10006.881453077876,0.0,
10006.881453077876,0.0,
10006.881453077876,0.0,
10006.881453077876,0.0,
10006.881453077876,0.0,
10006.881453077876,0.0,
10006.881453077876,0.0,
10006.881453077876,0.0,
10006.881453077876,0.0,
10006.881453077876,0.0,
10006.881453077876,0.0,
10006.881453077876,0.0,
10006.881453077876,0.0,
10006.881453077876,0.0,
10006.881453077876,0.0,
10006.881453077876,0.0,
10006.881453077876,0.0,
10006.881453077876,0.0,
10006.881453077876,0.0,
10006.881453077876,0.0,
10006.881453077876,0.0,
10006.881453077876,0.0,
10006.881453077876,0.0,
10006.881453077876,0.0,
10006.881453077876,0.0,
10006.881453077876,0.0,
10006.881453077876,0.0,
10006.881453077876,0.0,
10006.881453077876,0.0,
10006.881453077876,0.0,
10006.881453077876,0.0,
10006.881453077876,0.0,
10006.881453077876,0.0,
10006.881453077876,0.0,
10006.881453077876,0.0,
10006.881453077876,0.0,
10006.881453077876,0.0,
10006.881453077876,0.0,
10006.881453077876,0.0,
10006.881453077876,0.0,
10006.881453077876,0.0,
10006.881453077876,0.0,
10006.881453077876,0.0,
10006.881453077876,0.0,
10006.881453077876,0.0,
10006.881453077876,0.0,
10006.881453077876,0.0,
10006.881453077876,0.0,
10006.881453077876,0.0,
10006.881453077876,0.0,
10006.881453077876,0.0,
10006.881453077876,0.0,
10006.881453077876,0.0,
10006.881453077876,0.0,
10006.881453077876,0.0,
10006.881453077876,0.0,
10006.881453077876,0.0,
10006.881453077876,0.0,
10006.881453077876,0.0,
10006.881453077876,0.0,
10006.881453077876,0.0,
10006.881453077876,0.0,
10006.881453077876,0.0,
10006.881453077876,0.0,
10006.881453077876,0.0,
10006.881453077876,0.0,
10006.881453077876,0.0,
10006.881453077876,0.0,
10006.881453077876,0.0,
10006.881453077876,0.0,
10006.881453077876,0.0,
10006.881453077876,0.0,
10006.881453077876,0.0,
10006.881453077876,0.0,
10006.881453077876,0.0,
10006.881453077876,0.0,
10006.881453077876,0.0,
10006.881453077876,0.0,
10006.881453077876,0.0,
10006.881453077876,0.0,
10006.881453077876,0.0,
10006.881453077876,0.0,
10006.881453077876,0.0,
10006.881453077876,0.0,
10006.881453077876,0.0,
10006.881453077876,0.0,
10006.881453077876,0.0,
10006.881453077876,0.0,
10006.881453077876,0.0,
10006.881453077876,0.0,
10006.881453077876,0.0,
10006.881453077876,0.0,
10006.881453077876,0.0,
9993.500870682732,0.0013371380942089894,
10003.888989646728,0.00029904055975682464,
10014.423989646728,0.0,0 days 00:45:00
10016.695028447655,0.0,
10016.695028447655,0.0,
10016.695028447655,0.0,
10016.695028447655,0.0,
10016.695028447655,0.0,
10016.695028447655,0.0,
10016.695028447655,0.0,
10016.695028447655,0.0,
10016.695028447655,0.0,
10016.695028447655,0.0,
10016.695028447655,0.0,
10016.695028447655,0.0,
10016.695028447655,0.0,
10016.695028447655,0.0,
10016.695028447655,0.0,
10016.695028447655,0.0,
10016.695028447655,0.0,
10016.695028447655,0.0,
10016.695028447655,0.0,
10016.695028447655,0.0,
10016.695028447655,0.0,
10016.695028447655,0.0,
10016.695028447655,0.0,
10016.695028447655,0.0,
10016.695028447655,0.0,
10016.695028447655,0.0,
10016.695028447655,0.0,
10016.695028447655,0.0,
10016.695028447655,0.0,
10016.695028447655,0.0,
10016.695028447655,0.0,
10016.695028447655,0.0,
10016.695028447655,0.0,
10016.695028447655,0.0,
10016.695028447655,0.0,
10016.695028447655,0.0,
10016.695028447655,0.0,
10016.695028447655,0.0,
10016.695028447655,0.0,
10016.695028447655,0.0,
10016.695028447655,0.0,
10016.695028447655,0.0,
10016.695028447655,0.0,
10016.695028447655,0.0,
10016.695028447655,0.0,
10016.695028447655,0.0,
10016.695028447655,0.0,
10016.695028447655,0.0,
10016.695028447655,0.0,
10016.695028447655,0.0,
10016.695028447655,0.0,
10016.695028447655,0.0,
10016.695028447655,0.0,
10016.695028447655,0.0,
10016.695028447655,0.0,
10016.695028447655,0.0,
10016.695028447655,0.0,
10016.695028447655,0.0,
10016.695028447655,0.0,
10016.695028447655,0.0,
10016.695028447655,0.0,
10016.695028447655,0.0,
10016.695028447655,0.0,
10016.695028447655,0.0,
10016.695028447655,0.0,
10016.695028447655,0.0,
10016.695028447655,0.0,
10016.695028447655,0.0,
10016.695028447655,0.0,
10016.695028447655,0.0,
10016.695028447655,0.0,
10016.695028447655,0.0,
10016.695028447655,0.0,
10016.695028447655,0.0,
10016.695028447655,0.0,
10016.695028447655,0.0,
10016.695028447655,0.0,
10016.695028447655,0.0,
10016.695028447655,0.0,
10016.695028447655,0.0,
10016.695028447655,0.0,
10016.695028447655,0.0,
10016.695028447655,0.0,
10016.695028447655,0.0,
10016.695028447655,0.0,
10016.695028447655,0.0,
10016.695028447655,0.0,
10016.695028447655,0.0,
10016.695028447655,0.0,
10016.695028447655,0.0,
10016.695028447655,0.0,
10016.695028447655,0.0,
10016.695028447655,0.0,
10016.695028447655,0.0,
10016.695028447655,0.0,
10016.695028447655,0.0,
10016.695028447655,0.0,
10016.695028447655,0.0,
10016.695028447655,0.0,
10016.695028447655,0.0,
10016.695028447655,0.0,
10016.695028447655,0.0,
10016.695028447655,0.0,
10016.695028447655,0.0,
10016.695028447655,0.0,
10016.695028447655,0.0,
10016.695028447655,0.0,
10016.695028447655,0.0,
10016.695028447655,0.0,
10016.695028447655,0.0,
10016.695028447655,0.0,
10016.695028447655,0.0,
10016.695028447655,0.0,
10016.695028447655,0.0,
10016.695028447655,0.0,
10016.695028447655,0.0,
10016.695028447655,0.0,
10016.695028447655,0.0,
10016.695028447655,0.0,
10016.695028447655,0.0,
10016.695028447655,0.0,
10016.695028447655,0.0,
10016.695028447655,0.0,
10016.695028447655,0.0,
10016.695028447655,0.0,
10016.695028447655,0.0,
10016.695028447655,0.0,
10016.695028447655,0.0,
10016.695028447655,0.0,
10016.695028447655,0.0,
10016.695028447655,0.0,
10016.695028447655,0.0,
10016.695028447655,0.0,
10016.695028447655,0.0,
10016.695028447655,0.0,
10016.695028447655,0.0,
10016.695028447655,0.0,
10016.695028447655,0.0,
10016.695028447655,0.0,
10016.695028447655,0.0,
10016.695028447655,0.0,
10016.695028447655,0.0,
10016.695028447655,0.0,
10016.695028447655,0.0,
10016.695028447655,0.0,
10016.695028447655,0.0,
10016.695028447655,0.0,
10016.695028447655,0.0,
10016.695028447655,0.0,
10016.695028447655,0.0,
10016.695028447655,0.0,
10016.695028447655,0.0,
10016.695028447655,0.0,
10016.695028447655,0.0,
10016.695028447655,0.0,
10016.695028447655,0.0,
10016.695028447655,0.0,
10016.695028447655,0.0,
10016.695028447655,0.0,
10016.695028447655,0.0,
10016.695028447655,0.0,
10016.695028447655,0.0,
10016.695028447655,0.0,
10016.695028447655,0.0,
10016.695028447655,0.0,
10016.695028447655,0.0,
10016.695028447655,0.0,
10016.695028447655,0.0,
10016.695028447655,0.0,
10016.695028447655,0.0,
10016.695028447655,0.0,
10016.695028447655,0.0,
10016.695028447655,0.0,
10016.695028447655,0.0,
10016.695028447655,0.0,
10016.695028447655,0.0,
10016.695028447655,0.0,
10016.695028447655,0.0,
10016.695028447655,0.0,
10016.695028447655,0.0,
10016.695028447655,0.0,
10016.695028447655,0.0,
10016.695028447655,0.0,
10016.695028447655,0.0,
10016.695028447655,0.0,
10016.695028447655,0.0,
10016.695028447655,0.0,
10016.695028447655,0.0,
10016.695028447655,0.0,
10016.695028447655,0.0,
10016.695028447655,0.0,
10016.695028447655,0.0,
10016.695028447655,0.0,
10016.695028447655,0.0,
10016.695028447655,0.0,
10016.695028447655,0.0,
10016.695028447655,0.0,
10016.695028447655,0.0,
10016.695028447655,0.0,
10016.695028447655,0.0,
10016.695028447655,0.0,
10016.695028447655,0.0,
10016.695028447655,0.0,
10016.695028447655,0.0,
10016.695028447655,0.0,
10006.490025163384,0.0010187994398639377,
10009.141235896093,0.0007541202492548083,
10005.244575896093,0.0011431367850416319,
10017.781655896093,0.0,0 days 01:00:00
10016.172165896094,0.0001606633140234237,
10016.680425896093,0.0001099275306476466,
10012.444925896094,0.0005327257254462703,
10021.424185896092,0.0,0 days 01:00:00
10024.54506984414,0.0,
10024.54506984414,0.0,
10024.54506984414,0.0,
10024.54506984414,0.0,
10024.54506984414,0.0,
10024.54506984414,0.0,
10024.54506984414,0.0,
10024.54506984414,0.0,
10024.54506984414,0.0,
10024.54506984414,0.0,
10024.54506984414,0.0,
10024.54506984414,0.0,
10024.54506984414,0.0,
10024.54506984414,0.0,
10024.54506984414,0.0,
10024.54506984414,0.0,
10024.54506984414,0.0,
10024.54506984414,0.0,
10024.54506984414,0.0,
10024.54506984414,0.0,
10024.54506984414,0.0,
10024.54506984414,0.0,
10024.54506984414,0.0,
10024.54506984414,0.0,
10024.54506984414,0.0,
10024.54506984414,0.0,
10024.54506984414,0.0,
10024.54506984414,0.0,
10024.54506984414,0.0,
10024.54506984414,0.0,
10024.54506984414,0.0,
10024.54506984414,0.0,
10024.54506984414,0.0,
10024.54506984414,0.0,
10024.54506984414,0.0,
10024.54506984414,0.0,
10024.54506984414,0.0,
10024.54506984414,0.0,
10024.54506984414,0.0,
10024.54506984414,0.0,
10024.54506984414,0.0,
10024.54506984414,0.0,
10024.54506984414,0.0,
10024.54506984414,0.0,
10024.54506984414,0.0,
10024.54506984414,0.0,
10024.54506984414,0.0,
10024.54506984414,0.0,
10024.54506984414,0.0,
10024.54506984414,0.0,
10024.54506984414,0.0,
10024.54506984414,0.0,
10024.54506984414,0.0,
10024.54506984414,0.0,
10024.54506984414,0.0,
10024.54506984414,0.0,
10024.54506984414,0.0,
10024.54506984414,0.0,
10024.54506984414,0.0,
10024.54506984414,0.0,
10024.54506984414,0.0,
10024.54506984414,0.0,
10024.54506984414,0.0,
10024.54506984414,0.0,
10024.54506984414,0.0,
10024.54506984414,0.0,
10024.54506984414,0.0,
10024.54506984414,0.0,
10024.54506984414,0.0,
10024.54506984414,0.0,
10024.54506984414,0.0,
10024.54506984414,0.0,
10024.54506984414,0.0,
10024.54506984414,0.0,
10024.54506984414,0.0,
10024.54506984414,0.0,
10024.54506984414,0.0,
10024.54506984414,0.0,
10024.54506984414,0.0,
10024.54506984414,0.0,
10024.54506984414,0.0,
10024.54506984414,0.0,
10024.54506984414,0.0,
10024.54506984414,0.0,
10024.54506984414,0.0,
10024.54506984414,0.0,
10024.54506984414,0.0,
10024.54506984414,0.0,
10024.54506984414,0.0,
10024.54506984414,0.0,
10024.54506984414,0.0,
10024.54506984414,0.0,
10024.54506984414,0.0,
10024.54506984414,0.0,
10024.54506984414,0.0,
10024.54506984414,0.0,
10024.54506984414,0.0,
10024.54506984414,0.0,
10024.54506984414,0.0,
10024.54506984414,0.0,
10024.54506984414,0.0,
10024.54506984414,0.0,
10024.54506984414,0.0,
10024.54506984414,0.0,
10024.54506984414,0.0,
10024.54506984414,0.0,
10024.54506984414,0.0,
10024.54506984414,0.0,
10024.54506984414,0.0,
10024.54506984414,0.0,
10024.54506984414,0.0,
10024.54506984414,0.0,
10024.54506984414,0.0,
10024.54506984414,0.0,
10024.54506984414,0.0,
10024.54506984414,0.0,
10024.54506984414,0.0,
10024.54506984414,0.0,
10024.54506984414,0.0,
10024.54506984414,0.0,
10024.54506984414,0.0,
10024.54506984414,0.0,
10024.54506984414,0.0,
10024.54506984414,0.0,
10024.54506984414,0.0,
10024.54506984414,0.0,
10024.54506984414,0.0,
10024.54506984414,0.0,
10024.54506984414,0.0,
10024.54506984414,0.0,
10024.54506984414,0.0,
10024.54506984414,0.0,
10024.54506984414,0.0,
10024.54506984414,0.0,
10024.54506984414,0.0,
10024.54506984414,0.0,
10024.54506984414,0.0,
10024.54506984414,0.0,
10024.54506984414,0.0,
10024.54506984414,0.0,
10024.54506984414,0.0,
10024.54506984414,0.0,
10024.54506984414,0.0,
10024.54506984414,0.0,
10024.54506984414,0.0,
10024.54506984414,0.0,
10024.54506984414,0.0,
10024.54506984414,0.0,
10024.54506984414,0.0,
10024.54506984414,0.0,
10024.54506984414,0.0,
10024.54506984414,0.0,
10024.54506984414,0.0,
10024.54506984414,0.0,
10024.54506984414,0.0,
10024.54506984414,0.0,
10024.54506984414,0.0,
10024.54506984414,0.0,
10024.54506984414,0.0,
10024.54506984414,0.0,
10024.54506984414,0.0,
10024.54506984414,0.0,
10024.54506984414,0.0,
10024.54506984414,0.0,
10024.54506984414,0.0,
10024.54506984414,0.0,
10024.54506984414,0.0,
10024.54506984414,0.0,
10024.54506984414,0.0,
10024.54506984414,0.0,
10024.54506984414,0.0,
10024.54506984414,0.0,
10024.54506984414,0.0,
10024.54506984414,0.0,
10024.54506984414,0.0,
10024.54506984414,0.0,
10024.54506984414,0.0,
10024.54506984414,0.0,
10024.54506984414,0.0,
10024.54506984414,0.0,
10024.54506984414,0.0,
10024.54506984414,0.0,
10024.54506984414,0.0,
10024.54506984414,0.0,
10024.54506984414,0.0,
10024.54506984414,0.0,
10024.54506984414,0.0,
10024.54506984414,0.0,
10024.54506984414,0.0,
10024.54506984414,0.0,
10024.54506984414,0.0,
10024.54506984414,0.0,
10024.54506984414,0.0,
10024.54506984414,0.0,
10024.54506984414,0.0,
10024.54506984414,0.0,
10024.54506984414,0.0,
10024.54506984414,0.0,
10024.54506984414,0.0,
10024.54506984414,0.0,
10024.54506984414,0.0,
10024.54506984414,0.0,
10024.54506984414,0.0,
10024.54506984414,0.0,
10024.54506984414,0.0,
10024.54506984414,0.0,
10024.54506984414,0.0,
10024.54506984414,0.0,
10024.54506984414,0.0,
10024.54506984414,0.0,
10024.54506984414,0.0,
10024.54506984414,0.0,
10024.54506984414,0.0,
10024.54506984414,0.0,
10024.54506984414,0.0,
10024.54506984414,0.0,
10024.54506984414,0.0,
10024.54506984414,0.0,
10024.54506984414,0.0,
10024.54506984414,0.0,
10024.54506984414,0.0,
10024.54506984414,0.0,
10024.54506984414,0.0,
10024.54506984414,0.0,
10024.54506984414,0.0,
10024.54506984414,0.0,
10024.54506984414,0.0,
10024.54506984414,0.0,
10024.54506984414,0.0,
10024.54506984414,0.0,
10024.54506984414,0.0,
10024.54506984414,0.0,
10024.54506984414,0.0,
10024.54506984414,0.0,
10024.54506984414,0.0,
10024.54506984414,0.0,
10024.54506984414,0.0,
10024.54506984414,0.0,
10024.54506984414,0.0,
10024.54506984414,0.0,
10024.54506984414,0.0,
10024.54506984414,0.0,
10024.54506984414,0.0,
10024.54506984414,0.0,
10024.54506984414,0.0,
10024.54506984414,0.0,
10024.54506984414,0.0,
10024.54506984414,0.0,
10024.54506984414,0.0,
10024.54506984414,0.0,
10024.54506984414,0.0,
10024.54506984414,0.0,
10024.54506984414,0.0,
10024.54506984414,0.0,
10024.54506984414,0.0,
10024.54506984414,0.0,
10024.54506984414,0.0,
10024.54506984414,0.0,
10024.54506984414,0.0,
10024.54506984414,0.0,
10024.54506984414,0.0,
10024.54506984414,0.0,
10024.54506984414,0.0,
10024.54506984414,0.0,
10024.54506984414,0.0,
10024.54506984414,0.0,
10024.54506984414,0.0,
10024.54506984414,0.0,
10024.54506984414,0.0,
10024.54506984414,0.0,
10024.54506984414,0.0,
10027.97442663674,0.0,
10033.67277663674,0.0,
10035.88407663674,0.0,
10036.30932663674,0.0,
10035.713976636738,5.93196144743624e-05,
10040.13657663674,0.0,0 days 00:30:00
10041.180201414309,0.0,
10041.180201414309,0.0,
10041.180201414309,0.0,
10041.180201414309,0.0,
10041.180201414309,0.0,
10041.180201414309,0.0,
10041.180201414309,0.0,
10041.180201414309,0.0,
10041.180201414309,0.0,
10041.180201414309,0.0,
10041.180201414309,0.0,
10041.180201414309,0.0,
10041.180201414309,0.0,
10041.180201414309,0.0,
10041.180201414309,0.0,
10041.180201414309,0.0,
10041.180201414309,0.0,
10041.180201414309,0.0,
10041.180201414309,0.0,
10041.180201414309,0.0,
10041.180201414309,0.0,
10041.180201414309,0.0,
10041.180201414309,0.0,
10041.180201414309,0.0,
10041.180201414309,0.0,
10041.180201414309,0.0,
10041.180201414309,0.0,
10041.180201414309,0.0,
10041.180201414309,0.0,
10041.180201414309,0.0,
10041.180201414309,0.0,
10041.180201414309,0.0,
10041.180201414309,0.0,
10041.180201414309,0.0,
10041.180201414309,0.0,
10041.180201414309,0.0,
10041.180201414309,0.0,
10041.180201414309,0.0,
10041.180201414309,0.0,
10041.180201414309,0.0,
10041.180201414309,0.0,
10041.180201414309,0.0,
10041.180201414309,0.0,
10041.180201414309,0.0,
10041.180201414309,0.0,
10041.180201414309,0.0,
10041.180201414309,0.0,
10041.180201414309,0.0,
10041.180201414309,0.0,
10041.180201414309,0.0,
10041.180201414309,0.0,
10041.180201414309,0.0,
10041.180201414309,0.0,
10041.180201414309,0.0,
10041.180201414309,0.0,
10041.180201414309,0.0,
10041.180201414309,0.0,
10041.180201414309,0.0,
10041.180201414309,0.0,
10041.180201414309,0.0,
10041.180201414309,0.0,
10041.180201414309,0.0,
10041.180201414309,0.0,
10041.180201414309,0.0,
10041.180201414309,0.0,
10041.180201414309,0.0,
10041.180201414309,0.0,
10041.180201414309,0.0,
10041.180201414309,0.0,
10041.180201414309,0.0,
10041.180201414309,0.0,
10041.180201414309,0.0,
10041.180201414309,0.0,
10041.180201414309,0.0,
10041.180201414309,0.0,
10041.180201414309,0.0,
10041.180201414309,0.0,
10041.180201414309,0.0,
10041.180201414309,0.0,
10041.180201414309,0.0,
10041.180201414309,0.0,
10041.180201414309,0.0,
10041.180201414309,0.0,
10041.180201414309,0.0,
10041.180201414309,0.0,
10041.180201414309,0.0,
10041.180201414309,0.0,
10041.180201414309,0.0,
10041.180201414309,0.0,
10041.180201414309,0.0,
10041.180201414309,0.0,
10041.180201414309,0.0,
10041.180201414309,0.0,
10041.180201414309,0.0,
10041.180201414309,0.0,
10041.180201414309,0.0,
10041.180201414309,0.0,
10041.180201414309,0.0,
10041.180201414309,0.0,
10041.180201414309,0.0,
10041.180201414309,0.0,
10041.180201414309,0.0,
10041.180201414309,0.0,
10041.180201414309,0.0,
10041.180201414309,0.0,
10041.180201414309,0.0,
10041.180201414309,0.0,
10041.180201414309,0.0,
10041.180201414309,0.0,
10041.180201414309,0.0,
10041.180201414309,0.0,
10041.180201414309,0.0,
10041.180201414309,0.0,
10041.180201414309,0.0,
10041.180201414309,0.0,
10041.180201414309,0.0,
10041.180201414309,0.0,
10041.180201414309,0.0,
10041.180201414309,0.0,
10041.180201414309,0.0,
10041.180201414309,0.0,
10041.180201414309,0.0,
10041.180201414309,0.0,
10041.180201414309,0.0,
10041.180201414309,0.0,
10041.180201414309,0.0,
10041.180201414309,0.0,
10041.180201414309,0.0,
10041.180201414309,0.0,
10041.180201414309,0.0,
10041.180201414309,0.0,
10041.180201414309,0.0,
10041.180201414309,0.0,
10041.180201414309,0.0,
10041.180201414309,0.0,
10041.180201414309,0.0,
10041.180201414309,0.0,
10041.180201414309,0.0,
10041.180201414309,0.0,
10041.180201414309,0.0,
10041.180201414309,0.0,
10041.180201414309,0.0,
10041.180201414309,0.0,
10041.180201414309,0.0,
10041.180201414309,0.0,
10041.180201414309,0.0,
10041.180201414309,0.0,
10041.180201414309,0.0,
10041.180201414309,0.0,
10041.180201414309,0.0,
10041.180201414309,0.0,
10041.180201414309,0.0,
10041.180201414309,0.0,
10041.180201414309,0.0,
10041.180201414309,0.0,
10041.180201414309,0.0,
10041.180201414309,0.0,
10041.180201414309,0.0,
10041.180201414309,0.0,
10041.180201414309,0.0,
10041.180201414309,0.0,
10041.180201414309,0.0,
10041.180201414309,0.0,
10041.180201414309,0.0,
10041.180201414309,0.0,
10041.180201414309,0.0,
10041.180201414309,0.0,
10041.180201414309,0.0,
10041.180201414309,0.0,
10041.180201414309,0.0,
10041.180201414309,0.0,
10041.180201414309,0.0,
10041.180201414309,0.0,
10041.180201414309,0.0,
10041.180201414309,0.0,
10041.180201414309,0.0,
10041.180201414309,0.0,
10041.180201414309,0.0,
10041.180201414309,0.0,
10041.180201414309,0.0,
10041.180201414309,0.0,
10041.180201414309,0.0,
10041.180201414309,0.0,
10041.180201414309,0.0,
10041.180201414309,0.0,
10041.180201414309,0.0,
10041.180201414309,0.0,
10041.180201414309,0.0,
10041.180201414309,0.0,
10041.180201414309,0.0,
10041.180201414309,0.0,
10041.180201414309,0.0,
10041.180201414309,0.0,
10041.180201414309,0.0,
10041.180201414309,0.0,
10041.180201414309,0.0,
10041.180201414309,0.0,
10041.180201414309,0.0,
10041.180201414309,0.0,
10041.180201414309,0.0,
10041.180201414309,0.0,
10041.180201414309,0.0,
10041.180201414309,0.0,
10041.180201414309,0.0,
10041.180201414309,0.0,
10041.180201414309,0.0,
10041.180201414309,0.0,
10041.180201414309,0.0,
10041.180201414309,0.0,
10041.180201414309,0.0,
10041.180201414309,0.0,
10041.180201414309,0.0,
10041.180201414309,0.0,
10041.180201414309,0.0,
10041.180201414309,0.0,
10041.180201414309,0.0,
10041.180201414309,0.0,
10041.180201414309,0.0,
10041.180201414309,0.0,
10041.180201414309,0.0,
10041.180201414309,0.0,
10041.180201414309,0.0,
10041.180201414309,0.0,
10041.180201414309,0.0,
10041.180201414309,0.0,
10041.180201414309,0.0,
10041.180201414309,0.0,
10041.180201414309,0.0,
10041.180201414309,0.0,
10041.180201414309,0.0,
10041.180201414309,0.0,
10041.180201414309,0.0,
10041.180201414309,0.0,
10041.180201414309,0.0,
10041.180201414309,0.0,
10041.180201414309,0.0,
10041.180201414309,0.0,
10041.180201414309,0.0,
10041.180201414309,0.0,
10041.180201414309,0.0,
10041.180201414309,0.0,
10041.180201414309,0.0,
10041.180201414309,0.0,
10041.180201414309,0.0,
10041.180201414309,0.0,
10041.180201414309,0.0,
10041.180201414309,0.0,
10041.180201414309,0.0,
10041.180201414309,0.0,
10041.180201414309,0.0,
10041.180201414309,0.0,
10041.180201414309,0.0,
10041.180201414309,0.0,
10041.180201414309,0.0,
10041.180201414309,0.0,
10041.180201414309,0.0,
10041.180201414309,0.0,
10041.180201414309,0.0,
10041.180201414309,0.0,
10041.180201414309,0.0,
10041.180201414309,0.0,
10041.180201414309,0.0,
10041.180201414309,0.0,
10041.180201414309,0.0,
10041.180201414309,0.0,
10041.180201414309,0.0,
10041.180201414309,0.0,
10041.180201414309,0.0,
10041.180201414309,0.0,
10041.180201414309,0.0,
10041.180201414309,0.0,
10041.180201414309,0.0,
10041.180201414309,0.0,
10041.180201414309,0.0,
10041.180201414309,0.0,
10041.180201414309,0.0,
10041.180201414309,0.0,
10041.180201414309,0.0,
10041.180201414309,0.0,
10036.00346573624,0.0005155505203801036,
10029.552465633371,0.0011580048906302265,
10017.939233313195,0.0023145653832445934,
10014.557088104071,0.0026513928418979704,
10014.215768104072,0.002685384862074147,
10011.143888104072,0.002991313043660515,
10007.645358104071,0.0033397312504673815,
10006.025021581045,0.003501100381438471,
10006.025021581045,0.003501100381438471,
10006.025021581045,0.003501100381438471,
10006.025021581045,0.003501100381438471,
10006.025021581045,0.003501100381438471,
10006.025021581045,0.003501100381438471,
10006.025021581045,0.003501100381438471,
10006.025021581045,0.003501100381438471,
10006.025021581045,0.003501100381438471,
10006.025021581045,0.003501100381438471,
10006.025021581045,0.003501100381438471,
10006.025021581045,0.003501100381438471,
10006.025021581045,0.003501100381438471,
10006.025021581045,0.003501100381438471,
10006.025021581045,0.003501100381438471,
10006.025021581045,0.003501100381438471,
10006.025021581045,0.003501100381438471,
10006.025021581045,0.003501100381438471,
10006.025021581045,0.003501100381438471,
10006.025021581045,0.003501100381438471,
10006.025021581045,0.003501100381438471,
10006.025021581045,0.003501100381438471,
10006.025021581045,0.003501100381438471,
10006.025021581045,0.003501100381438471,
10006.025021581045,0.003501100381438471,
10006.025021581045,0.003501100381438471,
10006.025021581045,0.003501100381438471,
10006.025021581045,0.003501100381438471,
10006.025021581045,0.003501100381438471,
10006.025021581045,0.003501100381438471,
10006.025021581045,0.003501100381438471,
10006.025021581045,0.003501100381438471,
10006.025021581045,0.003501100381438471,
10006.025021581045,0.003501100381438471,
10006.025021581045,0.003501100381438471,
10006.025021581045,0.003501100381438471,
10006.025021581045,0.003501100381438471,
10006.025021581045,0.003501100381438471,
10006.025021581045,0.003501100381438471,
10006.025021581045,0.003501100381438471,
10006.025021581045,0.003501100381438471,
10006.025021581045,0.003501100381438471,
10006.025021581045,0.003501100381438471,
10006.025021581045,0.003501100381438471,
10006.025021581045,0.003501100381438471,
10006.025021581045,0.003501100381438471,
10006.025021581045,0.003501100381438471,
10006.025021581045,0.003501100381438471,
10006.025021581045,0.003501100381438471,
10006.025021581045,0.003501100381438471,
10006.025021581045,0.003501100381438471,
10006.025021581045,0.003501100381438471,
10006.025021581045,0.003501100381438471,
10006.025021581045,0.003501100381438471,
10006.025021581045,0.003501100381438471,
10006.025021581045,0.003501100381438471,
10006.025021581045,0.003501100381438471,
10006.025021581045,0.003501100381438471,
10006.025021581045,0.003501100381438471,
10006.025021581045,0.003501100381438471,
10006.025021581045,0.003501100381438471,
10006.025021581045,0.003501100381438471,
10006.025021581045,0.003501100381438471,
10006.025021581045,0.003501100381438471,
10006.025021581045,0.003501100381438471,
10006.025021581045,0.003501100381438471,
10006.025021581045,0.003501100381438471,
10006.025021581045,0.003501100381438471,
10006.025021581045,0.003501100381438471,
10006.025021581045,0.003501100381438471,
10006.025021581045,0.003501100381438471,
10006.025021581045,0.003501100381438471,
10006.025021581045,0.003501100381438471,
10006.025021581045,0.003501100381438471,
10006.025021581045,0.003501100381438471,
10006.025021581045,0.003501100381438471,
10006.025021581045,0.003501100381438471,
10006.025021581045,0.003501100381438471,
10006.025021581045,0.003501100381438471,
10006.025021581045,0.003501100381438471,
10006.025021581045,0.003501100381438471,
10006.025021581045,0.003501100381438471,
10006.025021581045,0.003501100381438471,
10006.025021581045,0.003501100381438471,
10006.025021581045,0.003501100381438471,
10006.025021581045,0.003501100381438471,
10006.025021581045,0.003501100381438471,
10006.025021581045,0.003501100381438471,
10002.467051544803,0.003855438214728224,
9996.23323797383,0.004476263002843872,
9996.23323797383,0.004476263002843872,
9996.23323797383,0.004476263002843872,
9996.23323797383,0.004476263002843872,
9996.23323797383,0.004476263002843872,
9996.23323797383,0.004476263002843872,
9996.23323797383,0.004476263002843872,
9974.384088658684,0.006652217310691877,
10013.77843664383,0.002728938652711288,
10013.77843664383,0.002728938652711288,
10013.77843664383,0.002728938652711288,
10013.77843664383,0.002728938652711288,
10013.77843664383,0.002728938652711288,
10013.77843664383,0.002728938652711288,
10013.77843664383,0.002728938652711288,
10013.77843664383,0.002728938652711288,
10013.77843664383,0.002728938652711288,
10013.77843664383,0.002728938652711288,
10013.77843664383,0.002728938652711288,
10013.77843664383,0.002728938652711288,
10013.77843664383,0.002728938652711288,
10013.77843664383,0.002728938652711288,
10013.77843664383,0.002728938652711288,
10013.77843664383,0.002728938652711288,
10013.77843664383,0.002728938652711288,
10013.77843664383,0.002728938652711288,
10013.77843664383,0.002728938652711288,
10013.77843664383,0.002728938652711288,
10013.77843664383,0.002728938652711288,
10013.77843664383,0.002728938652711288,
10013.77843664383,0.002728938652711288,
10013.77843664383,0.002728938652711288,
10013.77843664383,0.002728938652711288,
10013.77843664383,0.002728938652711288,
10013.77843664383,0.002728938652711288,
10013.77843664383,0.002728938652711288,
10013.77843664383,0.002728938652711288,
10013.77843664383,0.002728938652711288,
10013.77843664383,0.002728938652711288,
10013.77843664383,0.002728938652711288,
10013.77843664383,0.002728938652711288,
10013.77843664383,0.002728938652711288,
10013.77843664383,0.002728938652711288,
10013.77843664383,0.002728938652711288,
10013.77843664383,0.002728938652711288,
10013.77843664383,0.002728938652711288,
10013.77843664383,0.002728938652711288,
10013.77843664383,0.002728938652711288,
10013.77843664383,0.002728938652711288,
10013.77843664383,0.002728938652711288,
10013.77843664383,0.002728938652711288,
10013.77843664383,0.002728938652711288,
10013.77843664383,0.002728938652711288,
10013.77843664383,0.002728938652711288,
10013.77843664383,0.002728938652711288,
10013.77843664383,0.002728938652711288,
10013.77843664383,0.002728938652711288,
10013.77843664383,0.002728938652711288,
10013.77843664383,0.002728938652711288,
10013.77843664383,0.002728938652711288,
10013.77843664383,0.002728938652711288,
10013.77843664383,0.002728938652711288,
10013.77843664383,0.002728938652711288,
10013.77843664383,0.002728938652711288,
10013.77843664383,0.002728938652711288,
10013.77843664383,0.002728938652711288,
10013.77843664383,0.002728938652711288,
10013.77843664383,0.002728938652711288,
10013.77843664383,0.002728938652711288,
10013.77843664383,0.002728938652711288,
10013.77843664383,0.002728938652711288,
10013.77843664383,0.002728938652711288,
10013.77843664383,0.002728938652711288,
10013.77843664383,0.002728938652711288,
10013.77843664383,0.002728938652711288,
10013.77843664383,0.002728938652711288,
10013.77843664383,0.002728938652711288,
10013.77843664383,0.002728938652711288,
10013.77843664383,0.002728938652711288,
10013.77843664383,0.002728938652711288,
10013.77843664383,0.002728938652711288,
10013.77843664383,0.002728938652711288,
10013.77843664383,0.002728938652711288,
10013.77843664383,0.002728938652711288,
10013.77843664383,0.002728938652711288,
10013.77843664383,0.002728938652711288,
10013.77843664383,0.002728938652711288,
10013.77843664383,0.002728938652711288,
10013.77843664383,0.002728938652711288,
10013.77843664383,0.002728938652711288,
10013.77843664383,0.002728938652711288,
10013.77843664383,0.002728938652711288,
10013.77843664383,0.002728938652711288,
10013.77843664383,0.002728938652711288,
10013.77843664383,0.002728938652711288,
10013.77843664383,0.002728938652711288,
10013.77843664383,0.002728938652711288,
10013.77843664383,0.002728938652711288,
10013.77843664383,0.002728938652711288,
10013.77843664383,0.002728938652711288,
10013.77843664383,0.002728938652711288,
10013.77843664383,0.002728938652711288,
10013.77843664383,0.002728938652711288,
10013.77843664383,0.002728938652711288,
10013.77843664383,0.002728938652711288,
10013.77843664383,0.002728938652711288,
10013.77843664383,0.002728938652711288,
10013.77843664383,0.002728938652711288,
10013.77843664383,0.002728938652711288,
10013.77843664383,0.002728938652711288,
10013.77843664383,0.002728938652711288,
10013.77843664383,0.002728938652711288,
10013.77843664383,0.002728938652711288,
10013.77843664383,0.002728938652711288,
10013.77843664383,0.002728938652711288,
10013.77843664383,0.002728938652711288,
10013.77843664383,0.002728938652711288,
10013.77843664383,0.002728938652711288,
10013.77843664383,0.002728938652711288,
10013.77843664383,0.002728938652711288,
10013.77843664383,0.002728938652711288,
10013.77843664383,0.002728938652711288,
10013.77843664383,0.002728938652711288,
10013.77843664383,0.002728938652711288,
10013.77843664383,0.002728938652711288,
10013.77843664383,0.002728938652711288,
10013.77843664383,0.002728938652711288,
10013.77843664383,0.002728938652711288,
10013.77843664383,0.002728938652711288,
10013.77843664383,0.002728938652711288,
10013.77843664383,0.002728938652711288,
10013.77843664383,0.002728938652711288,
10013.77843664383,0.002728938652711288,
10013.77843664383,0.002728938652711288,
10013.77843664383,0.002728938652711288,
10013.77843664383,0.002728938652711288,
10013.77843664383,0.002728938652711288,
10013.77843664383,0.002728938652711288,
10013.77843664383,0.002728938652711288,
10013.77843664383,0.002728938652711288,
10013.77843664383,0.002728938652711288,
10013.77843664383,0.002728938652711288,
10013.77843664383,0.002728938652711288,
10013.77843664383,0.002728938652711288,
10013.77843664383,0.002728938652711288,
10013.77843664383,0.002728938652711288,
10013.77843664383,0.002728938652711288,
10013.77843664383,0.002728938652711288,
10013.77843664383,0.002728938652711288,
10013.77843664383,0.002728938652711288,
10013.77843664383,0.002728938652711288,
10013.77843664383,0.002728938652711288,
10013.77843664383,0.002728938652711288,
10013.77843664383,0.002728938652711288,
10013.77843664383,0.002728938652711288,
10013.77843664383,0.002728938652711288,
10013.77843664383,0.002728938652711288,
10013.77843664383,0.002728938652711288,
10013.77843664383,0.002728938652711288,
10013.77843664383,0.002728938652711288,
10013.77843664383,0.002728938652711288,
10013.77843664383,0.002728938652711288,
10013.77843664383,0.002728938652711288,
10013.77843664383,0.002728938652711288,
10013.77843664383,0.002728938652711288,
10013.77843664383,0.002728938652711288,
10013.77843664383,0.002728938652711288,
10013.77843664383,0.002728938652711288,
10013.77843664383,0.002728938652711288,
10013.77843664383,0.002728938652711288,
10013.77843664383,0.002728938652711288,
10013.77843664383,0.002728938652711288,
10013.77843664383,0.002728938652711288,
10013.77843664383,0.002728938652711288,
10013.77843664383,0.002728938652711288,
10013.77843664383,0.002728938652711288,
10013.77843664383,0.002728938652711288,
10013.77843664383,0.002728938652711288,
10013.77843664383,0.002728938652711288,
10013.77843664383,0.002728938652711288,
10013.77843664383,0.002728938652711288,
10013.77843664383,0.002728938652711288,
10013.77843664383,0.002728938652711288,
10013.77843664383,0.002728938652711288,
10013.77843664383,0.002728938652711288,
10013.77843664383,0.002728938652711288,
10013.77843664383,0.002728938652711288,
10013.77843664383,0.002728938652711288,
10013.77843664383,0.002728938652711288,
10013.77843664383,0.002728938652711288,
10013.77843664383,0.002728938652711288,
10013.77843664383,0.002728938652711288,
10013.77843664383,0.002728938652711288,
10013.77843664383,0.002728938652711288,
10013.77843664383,0.002728938652711288,
10013.77843664383,0.002728938652711288,
10013.77843664383,0.002728938652711288,
10013.77843664383,0.002728938652711288,
10013.77843664383,0.002728938652711288,
10013.77843664383,0.002728938652711288,
10013.77843664383,0.002728938652711288,
10013.77843664383,0.002728938652711288,
10013.77843664383,0.002728938652711288,
10013.77843664383,0.002728938652711288,
10013.77843664383,0.002728938652711288,
10013.77843664383,0.002728938652711288,
10013.77843664383,0.002728938652711288,
10013.77843664383,0.002728938652711288,
10013.77843664383,0.002728938652711288,
10013.77843664383,0.002728938652711288,
10013.77843664383,0.002728938652711288,
10013.77843664383,0.002728938652711288,
10013.77843664383,0.002728938652711288,
10013.77843664383,0.002728938652711288,
10013.77843664383,0.002728938652711288,
10013.77843664383,0.002728938652711288,
10013.77843664383,0.002728938652711288,
10013.77843664383,0.002728938652711288,
10013.77843664383,0.002728938652711288,
10013.77843664383,0.002728938652711288,
10013.77843664383,0.002728938652711288,
10013.77843664383,0.002728938652711288,
10013.77843664383,0.002728938652711288,
10013.77843664383,0.002728938652711288,
10013.77843664383,0.002728938652711288,
10013.77843664383,0.002728938652711288,
10013.77843664383,0.002728938652711288,
10013.77843664383,0.002728938652711288,
10013.77843664383,0.002728938652711288,
10013.77843664383,0.002728938652711288,
10013.77843664383,0.002728938652711288,
10013.77843664383,0.002728938652711288,
10013.77843664383,0.002728938652711288,
10013.77843664383,0.002728938652711288,
10013.77843664383,0.002728938652711288,
10013.77843664383,0.002728938652711288,
10013.77843664383,0.002728938652711288,
10013.77843664383,0.002728938652711288,
10013.77843664383,0.002728938652711288,
10013.77843664383,0.002728938652711288,
10013.77843664383,0.002728938652711288,
10013.77843664383,0.002728938652711288,
10013.77843664383,0.002728938652711288,
10013.77843664383,0.002728938652711288,
10013.77843664383,0.002728938652711288,
10013.77843664383,0.002728938652711288,
10013.77843664383,0.002728938652711288,
10013.77843664383,0.002728938652711288,
10013.77843664383,0.002728938652711288,
10013.77843664383,0.002728938652711288,
10013.77843664383,0.002728938652711288,
10013.77843664383,0.002728938652711288,
10013.77843664383,0.002728938652711288,
10013.77843664383,0.002728938652711288,
10013.77843664383,0.002728938652711288,
10013.77843664383,0.002728938652711288,
10013.77843664383,0.002728938652711288,
10013.77843664383,0.002728938652711288,
10013.77843664383,0.002728938652711288,
10013.77843664383,0.002728938652711288,
10013.77843664383,0.002728938652711288,
10013.77843664383,0.002728938652711288,
10013.77843664383,0.002728938652711288,
10013.77843664383,0.002728938652711288,
10013.77843664383,0.002728938652711288,
10013.77843664383,0.002728938652711288,
10013.77843664383,0.002728938652711288,
10013.77843664383,0.002728938652711288,
10013.77843664383,0.002728938652711288,
10013.77843664383,0.002728938652711288,
10013.77843664383,0.002728938652711288,
10013.77843664383,0.002728938652711288,
10013.77843664383,0.002728938652711288,
10013.77843664383,0.002728938652711288,
10013.77843664383,0.002728938652711288,
10013.77843664383,0.002728938652711288,
10013.77843664383,0.002728938652711288,
10013.77843664383,0.002728938652711288,
10013.77843664383,0.002728938652711288,
10013.77843664383,0.002728938652711288,
10013.77843664383,0.002728938652711288,
10013.77843664383,0.002728938652711288,
10013.77843664383,0.002728938652711288,
10013.77843664383,0.002728938652711288,
10013.77843664383,0.002728938652711288,
10013.77843664383,0.002728938652711288,
10013.77843664383,0.002728938652711288,
10013.77843664383,0.002728938652711288,
10013.77843664383,0.002728938652711288,
10013.77843664383,0.002728938652711288,
10013.77843664383,0.002728938652711288,
10013.77843664383,0.002728938652711288,
10013.77843664383,0.002728938652711288,
10013.77843664383,0.002728938652711288,
10013.77843664383,0.002728938652711288,
10013.77843664383,0.002728938652711288,
10013.77843664383,0.002728938652711288,
10013.77843664383,0.002728938652711288,
10013.77843664383,0.002728938652711288,
10013.77843664383,0.002728938652711288,
10013.77843664383,0.002728938652711288,
10013.77843664383,0.002728938652711288,
10013.77843664383,0.002728938652711288,
10013.77843664383,0.002728938652711288,
10013.77843664383,0.002728938652711288,
10013.77843664383,0.002728938652711288,
10013.77843664383,0.002728938652711288,
10013.77843664383,0.002728938652711288,
10013.77843664383,0.002728938652711288,
10013.77843664383,0.002728938652711288,
10013.77843664383,0.002728938652711288,
10013.77843664383,0.002728938652711288,
10013.77843664383,0.002728938652711288,
10013.77843664383,0.002728938652711288,
10013.77843664383,0.002728938652711288,
10013.77843664383,0.002728938652711288,
10013.77843664383,0.002728938652711288,
10013.77843664383,0.002728938652711288,
10013.77843664383,0.002728938652711288,
10013.77843664383,0.002728938652711288,
10013.77843664383,0.002728938652711288,
10013.77843664383,0.002728938652711288,
10013.77843664383,0.002728938652711288,
10013.77843664383,0.002728938652711288,
10013.77843664383,0.002728938652711288,
10013.77843664383,0.002728938652711288,
10013.77843664383,0.002728938652711288,
10013.77843664383,0.002728938652711288,
10013.77843664383,0.002728938652711288,
10013.77843664383,0.002728938652711288,
10013.77843664383,0.002728938652711288,
10013.77843664383,0.002728938652711288,
10013.77843664383,0.002728938652711288,
10013.77843664383,0.002728938652711288,
10013.77843664383,0.002728938652711288,
10013.77843664383,0.002728938652711288,
10013.77843664383,0.002728938652711288,
10013.77843664383,0.002728938652711288,
10013.77843664383,0.002728938652711288,
10013.77843664383,0.002728938652711288,
10013.77843664383,0.002728938652711288,
10013.77843664383,0.002728938652711288,
10013.77843664383,0.002728938652711288,
10013.77843664383,0.002728938652711288,
10013.77843664383,0.002728938652711288,
10013.77843664383,0.002728938652711288,
10013.77843664383,0.002728938652711288,
10013.77843664383,0.002728938652711288,
10013.77843664383,0.002728938652711288,
10013.77843664383,0.002728938652711288,
10013.77843664383,0.002728938652711288,
10013.77843664383,0.002728938652711288,
10013.77843664383,0.002728938652711288,
10013.77843664383,0.002728938652711288,
10013.77843664383,0.002728938652711288,
10013.77843664383,0.002728938652711288,
10013.77843664383,0.002728938652711288,
10013.77843664383,0.002728938652711288,
10013.77843664383,0.002728938652711288,
10013.77843664383,0.002728938652711288,
10013.77843664383,0.002728938652711288,
10013.77843664383,0.002728938652711288,
10013.77843664383,0.002728938652711288,
10013.77843664383,0.002728938652711288,
10013.77843664383,0.002728938652711288,
10013.77843664383,0.002728938652711288,
10013.77843664383,0.002728938652711288,
10013.77843664383,0.002728938652711288,
10013.77843664383,0.002728938652711288,
10013.77843664383,0.002728938652711288,
10013.77843664383,0.002728938652711288,
10013.77843664383,0.002728938652711288,
10013.77843664383,0.002728938652711288,
10013.77843664383,0.002728938652711288,
10013.77843664383,0.002728938652711288,
10013.77843664383,0.002728938652711288,
10013.77843664383,0.002728938652711288,
10013.77843664383,0.002728938652711288,
10013.77843664383,0.002728938652711288,
10013.77843664383,0.002728938652711288,
10013.77843664383,0.002728938652711288,
10013.77843664383,0.002728938652711288,
10013.77843664383,0.002728938652711288,
10013.77843664383,0.002728938652711288,
10013.77843664383,0.002728938652711288,
10013.77843664383,0.002728938652711288,
10013.77843664383,0.002728938652711288,
10013.77843664383,0.002728938652711288,
10013.77843664383,0.002728938652711288,
10004.75243857563,0.003627836778942406,
10003.199949664058,0.0037824489739662903,
10003.199949664058,0.0037824489739662903,
9997.317566185575,0.004368274878938649,
9992.100023868697,0.0048878893278598845,
9992.100023868697,0.0048878893278598845,
9992.100023868697,0.0048878893278598845,
9992.100023868697,0.0048878893278598845,
9992.100023868697,0.0048878893278598845,
9992.100023868697,0.0048878893278598845,
9992.100023868697,0.0048878893278598845,
9992.100023868697,0.0048878893278598845,
9992.100023868697,0.0048878893278598845,
9992.100023868697,0.0048878893278598845,
9992.100023868697,0.0048878893278598845,
9992.100023868697,0.0048878893278598845,
9992.100023868697,0.0048878893278598845,
9992.100023868697,0.0048878893278598845,
9992.100023868697,0.0048878893278598845,
9992.100023868697,0.0048878893278598845,
9992.100023868697,0.0048878893278598845,
9992.100023868697,0.0048878893278598845,
9992.100023868697,0.0048878893278598845,
9992.100023868697,0.0048878893278598845,
9992.100023868697,0.0048878893278598845,
9992.100023868697,0.0048878893278598845,
9992.100023868697,0.0048878893278598845,
9992.100023868697,0.0048878893278598845,
9992.100023868697,0.0048878893278598845,
9992.100023868697,0.0048878893278598845,
9992.100023868697,0.0048878893278598845,
9992.100023868697,0.0048878893278598845,
9992.100023868697,0.0048878893278598845,
9992.100023868697,0.0048878893278598845,
9992.100023868697,0.0048878893278598845,
9992.100023868697,0.0048878893278598845,
9992.100023868697,0.0048878893278598845,
9992.100023868697,0.0048878893278598845,
9992.100023868697,0.0048878893278598845,
9992.100023868697,0.0048878893278598845,
9992.100023868697,0.0048878893278598845,
9992.100023868697,0.0048878893278598845,
9992.100023868697,0.0048878893278598845,
9992.100023868697,0.0048878893278598845,
9992.100023868697,0.0048878893278598845,
9992.100023868697,0.0048878893278598845,
9992.100023868697,0.0048878893278598845,
9992.100023868697,0.0048878893278598845,
9992.100023868697,0.0048878893278598845,
9992.100023868697,0.0048878893278598845,
9992.100023868697,0.0048878893278598845,
9992.100023868697,0.0048878893278598845,
9992.100023868697,0.0048878893278598845,
9992.100023868697,0.0048878893278598845,
9992.100023868697,0.0048878893278598845,
9992.100023868697,0.0048878893278598845,
9992.100023868697,0.0048878893278598845,
9992.100023868697,0.0048878893278598845,
9992.100023868697,0.0048878893278598845,
9992.100023868697,0.0048878893278598845,
9992.100023868697,0.0048878893278598845,
9992.100023868697,0.0048878893278598845,
9992.100023868697,0.0048878893278598845,
9992.100023868697,0.0048878893278598845,
9992.100023868697,0.0048878893278598845,
9992.100023868697,0.0048878893278598845,
9992.100023868697,0.0048878893278598845,
9992.100023868697,0.0048878893278598845,
9992.100023868697,0.0048878893278598845,
9992.100023868697,0.0048878893278598845,
9992.100023868697,0.0048878893278598845,
9992.100023868697,0.0048878893278598845,
9992.100023868697,0.0048878893278598845,
9992.100023868697,0.0048878893278598845,
9992.100023868697,0.0048878893278598845,
9992.100023868697,0.0048878893278598845,
9992.100023868697,0.0048878893278598845,
9992.100023868697,0.0048878893278598845,
9992.100023868697,0.0048878893278598845,
9992.100023868697,0.0048878893278598845,
9992.100023868697,0.0048878893278598845,
9992.100023868697,0.0048878893278598845,
9992.100023868697,0.0048878893278598845,
9992.100023868697,0.0048878893278598845,
9992.100023868697,0.0048878893278598845,
9992.100023868697,0.0048878893278598845,
9992.100023868697,0.0048878893278598845,
9992.100023868697,0.0048878893278598845,
9992.100023868697,0.0048878893278598845,
9992.100023868697,0.0048878893278598845,
9992.100023868697,0.0048878893278598845,
9992.100023868697,0.0048878893278598845,
9992.100023868697,0.0048878893278598845,
9992.100023868697,0.0048878893278598845,
9992.100023868697,0.0048878893278598845,
9992.100023868697,0.0048878893278598845,
9992.100023868697,0.0048878893278598845,
9992.100023868697,0.0048878893278598845,
9992.100023868697,0.0048878893278598845,
9992.100023868697,0.0048878893278598845,
9992.100023868697,0.0048878893278598845,
9992.100023868697,0.0048878893278598845,
9992.100023868697,0.0048878893278598845,
9992.100023868697,0.0048878893278598845,
9992.100023868697,0.0048878893278598845,
9992.100023868697,0.0048878893278598845,
9992.100023868697,0.0048878893278598845,
9992.100023868697,0.0048878893278598845,
9992.100023868697,0.0048878893278598845,
9992.100023868697,0.0048878893278598845,
9992.100023868697,0.0048878893278598845,
9992.100023868697,0.0048878893278598845,
9992.100023868697,0.0048878893278598845,
9992.100023868697,0.0048878893278598845,
9992.100023868697,0.0048878893278598845,
9992.100023868697,0.0048878893278598845,
9992.100023868697,0.0048878893278598845,
9992.100023868697,0.0048878893278598845,
9992.100023868697,0.0048878893278598845,
9992.100023868697,0.0048878893278598845,
9992.100023868697,0.0048878893278598845,
9992.100023868697,0.0048878893278598845,
9992.100023868697,0.0048878893278598845,
9992.100023868697,0.0048878893278598845,
9992.100023868697,0.0048878893278598845,
9992.100023868697,0.0048878893278598845,
9992.100023868697,0.0048878893278598845,
9992.100023868697,0.0048878893278598845,
9992.100023868697,0.0048878893278598845,
9992.100023868697,0.0048878893278598845,
9992.100023868697,0.0048878893278598845,
9992.100023868697,0.0048878893278598845,
9992.100023868697,0.0048878893278598845,
9992.100023868697,0.0048878893278598845,
9992.100023868697,0.0048878893278598845,
9992.100023868697,0.0048878893278598845,
9992.100023868697,0.0048878893278598845,
9992.100023868697,0.0048878893278598845,
9992.100023868697,0.0048878893278598845,
9992.100023868697,0.0048878893278598845,
9992.100023868697,0.0048878893278598845,
9992.100023868697,0.0048878893278598845,
9992.100023868697,0.0048878893278598845,
9992.100023868697,0.0048878893278598845,
9992.100023868697,0.0048878893278598845,
9992.100023868697,0.0048878893278598845,
9992.100023868697,0.0048878893278598845,
9992.100023868697,0.0048878893278598845,
9992.100023868697,0.0048878893278598845,
9992.100023868697,0.0048878893278598845,
9992.100023868697,0.0048878893278598845,
9992.100023868697,0.0048878893278598845,
9992.100023868697,0.0048878893278598845,
9992.100023868697,0.0048878893278598845,
9992.100023868697,0.0048878893278598845,
9992.100023868697,0.0048878893278598845,
9992.100023868697,0.0048878893278598845,
9992.100023868697,0.0048878893278598845,
9992.100023868697,0.0048878893278598845,
9992.100023868697,0.0048878893278598845,
9992.100023868697,0.0048878893278598845,
9992.100023868697,0.0048878893278598845,
9992.100023868697,0.0048878893278598845,
9992.100023868697,0.0048878893278598845,
9992.100023868697,0.0048878893278598845,
9992.100023868697,0.0048878893278598845,
9992.100023868697,0.0048878893278598845,
9992.100023868697,0.0048878893278598845,
9992.100023868697,0.0048878893278598845,
9992.100023868697,0.0048878893278598845,
9992.100023868697,0.0048878893278598845,
9992.100023868697,0.0048878893278598845,
9992.100023868697,0.0048878893278598845,
9992.100023868697,0.0048878893278598845,
9992.100023868697,0.0048878893278598845,
9992.100023868697,0.0048878893278598845,
9992.100023868697,0.0048878893278598845,
9992.100023868697,0.0048878893278598845,
9992.100023868697,0.0048878893278598845,
9992.100023868697,0.0048878893278598845,
9992.100023868697,0.0048878893278598845,
9992.100023868697,0.0048878893278598845,
9992.100023868697,0.0048878893278598845,
9992.100023868697,0.0048878893278598845,
9992.100023868697,0.0048878893278598845,
9992.100023868697,0.0048878893278598845,
9992.100023868697,0.0048878893278598845,
9992.100023868697,0.0048878893278598845,
9992.100023868697,0.0048878893278598845,
10004.621919184716,0.0036408351903138847,
9998.915359184715,0.00420915085496032,
10012.700891865827,0.0028362512152178,
10012.700891865827,0.0028362512152178,
10012.700891865827,0.0028362512152178,
10012.700891865827,0.0028362512152178,
10012.700891865827,0.0028362512152178,
10012.700891865827,0.0028362512152178,
10012.700891865827,0.0028362512152178,
10012.700891865827,0.0028362512152178,
10012.700891865827,0.0028362512152178,
10012.700891865827,0.0028362512152178,
10012.700891865827,0.0028362512152178,
10012.700891865827,0.0028362512152178,
10012.700891865827,0.0028362512152178,
10012.700891865827,0.0028362512152178,
10012.700891865827,0.0028362512152178,
10012.700891865827,0.0028362512152178,
10012.700891865827,0.0028362512152178,
10012.700891865827,0.0028362512152178,
10012.700891865827,0.0028362512152178,
10012.700891865827,0.0028362512152178,
10012.700891865827,0.0028362512152178,
10012.700891865827,0.0028362512152178,
10012.700891865827,0.0028362512152178,
10012.700891865827,0.0028362512152178,
10012.700891865827,0.0028362512152178,
10012.700891865827,0.0028362512152178,
10012.700891865827,0.0028362512152178,
10012.700891865827,0.0028362512152178,
10012.700891865827,0.0028362512152178,
10012.700891865827,0.0028362512152178,
10012.700891865827,0.0028362512152178,
10012.700891865827,0.0028362512152178,
10012.700891865827,0.0028362512152178,
10012.700891865827,0.0028362512152178,
10012.700891865827,0.0028362512152178,
10012.700891865827,0.0028362512152178,
10012.700891865827,0.0028362512152178,
10012.700891865827,0.0028362512152178,
10012.700891865827,0.0028362512152178,
10012.700891865827,0.0028362512152178,
10012.700891865827,0.0028362512152178,
10012.700891865827,0.0028362512152178,
10012.700891865827,0.0028362512152178,
10012.700891865827,0.0028362512152178,
10012.700891865827,0.0028362512152178,
10012.700891865827,0.0028362512152178,
10012.700891865827,0.0028362512152178,
10012.700891865827,0.0028362512152178,
10012.700891865827,0.0028362512152178,
10012.700891865827,0.0028362512152178,
10012.700891865827,0.0028362512152178,
10012.700891865827,0.0028362512152178,
10012.700891865827,0.0028362512152178,
10012.700891865827,0.0028362512152178,
10012.700891865827,0.0028362512152178,
10012.700891865827,0.0028362512152178,
10012.700891865827,0.0028362512152178,
10012.700891865827,0.0028362512152178,
10012.700891865827,0.0028362512152178,
10012.700891865827,0.0028362512152178,
10012.700891865827,0.0028362512152178,
10012.700891865827,0.0028362512152178,
10012.700891865827,0.0028362512152178,
10012.700891865827,0.0028362512152178,
10012.700891865827,0.0028362512152178,
10012.700891865827,0.0028362512152178,
10012.700891865827,0.0028362512152178,
10012.700891865827,0.0028362512152178,
10012.700891865827,0.0028362512152178,
10012.700891865827,0.0028362512152178,
10012.700891865827,0.0028362512152178,
10012.700891865827,0.0028362512152178,
10012.700891865827,0.0028362512152178,
10012.700891865827,0.0028362512152178,
10012.700891865827,0.0028362512152178,
10012.700891865827,0.0028362512152178,
10012.700891865827,0.0028362512152178,
10012.700891865827,0.0028362512152178,
10012.700891865827,0.0028362512152178,
10012.700891865827,0.0028362512152178,
10012.700891865827,0.0028362512152178,
10012.700891865827,0.0028362512152178,
10012.700891865827,0.0028362512152178,
10012.700891865827,0.0028362512152178,
10012.700891865827,0.0028362512152178,
10012.700891865827,0.0028362512152178,
10012.700891865827,0.0028362512152178,
10012.700891865827,0.0028362512152178,
10012.700891865827,0.0028362512152178,
10012.700891865827,0.0028362512152178,
10012.700891865827,0.0028362512152178,
10012.700891865827,0.0028362512152178,
10012.700891865827,0.0028362512152178,
10012.700891865827,0.0028362512152178,
10012.700891865827,0.0028362512152178,
10012.700891865827,0.0028362512152178,
10012.700891865827,0.0028362512152178,
10012.700891865827,0.0028362512152178,
10012.700891865827,0.0028362512152178,
10012.700891865827,0.0028362512152178,
10012.700891865827,0.0028362512152178,
10012.700891865827,0.0028362512152178,
10012.700891865827,0.0028362512152178,
10012.700891865827,0.0028362512152178,
10012.700891865827,0.0028362512152178,
10012.700891865827,0.0028362512152178,
10012.700891865827,0.0028362512152178,
10012.700891865827,0.0028362512152178,
10012.700891865827,0.0028362512152178,
10012.700891865827,0.0028362512152178,
10012.700891865827,0.0028362512152178,
10012.700891865827,0.0028362512152178,
10012.700891865827,0.0028362512152178,
10012.700891865827,0.0028362512152178,
10012.700891865827,0.0028362512152178,
10012.700891865827,0.0028362512152178,
10012.700891865827,0.0028362512152178,
10012.700891865827,0.0028362512152178,
10012.700891865827,0.0028362512152178,
10012.700891865827,0.0028362512152178,
10012.700891865827,0.0028362512152178,
10012.700891865827,0.0028362512152178,
10012.700891865827,0.0028362512152178,
10012.700891865827,0.0028362512152178,
10012.700891865827,0.0028362512152178,
10012.700891865827,0.0028362512152178,
10012.700891865827,0.0028362512152178,
10012.700891865827,0.0028362512152178,
10012.700891865827,0.0028362512152178,
10012.700891865827,0.0028362512152178,
10012.700891865827,0.0028362512152178,
10012.700891865827,0.0028362512152178,
10012.700891865827,0.0028362512152178,
10012.700891865827,0.0028362512152178,
10012.700891865827,0.0028362512152178,
10012.700891865827,0.0028362512152178,
10012.700891865827,0.0028362512152178,
10012.700891865827,0.0028362512152178,
10012.700891865827,0.0028362512152178,
10012.700891865827,0.0028362512152178,
10012.700891865827,0.0028362512152178,
10012.700891865827,0.0028362512152178,
10012.700891865827,0.0028362512152178,
10012.700891865827,0.0028362512152178,
10012.700891865827,0.0028362512152178,
10012.700891865827,0.0028362512152178,
10012.700891865827,0.0028362512152178,
10012.700891865827,0.0028362512152178,
10012.700891865827,0.0028362512152178,
10012.700891865827,0.0028362512152178,
10012.700891865827,0.0028362512152178,
10012.700891865827,0.0028362512152178,
10012.700891865827,0.0028362512152178,
10012.700891865827,0.0028362512152178,
10012.700891865827,0.0028362512152178,
10012.700891865827,0.0028362512152178,
10012.700891865827,0.0028362512152178,
10012.700891865827,0.0028362512152178,
10012.700891865827,0.0028362512152178,
10012.700891865827,0.0028362512152178,
10012.700891865827,0.0028362512152178,
10012.700891865827,0.0028362512152178,
10012.700891865827,0.0028362512152178,
10012.700891865827,0.0028362512152178,
10002.598174384812,0.0038423797059297105,
10004.66061709526,0.003636981269781847,
10011.361397095261,0.002969651347841329,
10004.830257095262,0.003620086841378156,
10005.50881709526,0.0035525091277640586,
10005.084717095262,0.0035947451987727863,
10001.60709709526,0.003941080981045841,
9991.383266769157,0.004959271086295014,
9991.383266769157,0.004959271086295014,
9991.383266769157,0.004959271086295014,
9991.383266769157,0.004959271086295014,
9991.383266769157,0.004959271086295014,
9991.383266769157,0.004959271086295014,
9991.383266769157,0.004959271086295014,
9991.383266769157,0.004959271086295014,
9991.383266769157,0.004959271086295014,
9991.383266769157,0.004959271086295014,
9991.383266769157,0.004959271086295014,
9991.383266769157,0.004959271086295014,
9991.383266769157,0.004959271086295014,
9991.383266769157,0.004959271086295014,
9991.383266769157,0.004959271086295014,
9991.383266769157,0.004959271086295014,
9991.383266769157,0.004959271086295014,
9991.383266769157,0.004959271086295014,
9991.383266769157,0.004959271086295014,
9991.383266769157,0.004959271086295014,
9991.383266769157,0.004959271086295014,
9991.383266769157,0.004959271086295014,
9991.383266769157,0.004959271086295014,
9991.383266769157,0.004959271086295014,
9991.383266769157,0.004959271086295014,
9991.383266769157,0.004959271086295014,
9991.383266769157,0.004959271086295014,
9991.383266769157,0.004959271086295014,
9991.383266769157,0.004959271086295014,
9991.383266769157,0.004959271086295014,
9991.383266769157,0.004959271086295014,
9991.383266769157,0.004959271086295014,
9991.383266769157,0.004959271086295014,
9991.383266769157,0.004959271086295014,
9991.383266769157,0.004959271086295014,
9991.383266769157,0.004959271086295014,
9991.383266769157,0.004959271086295014,
9991.383266769157,0.004959271086295014,
9991.383266769157,0.004959271086295014,
9991.383266769157,0.004959271086295014,
9991.383266769157,0.004959271086295014,
9991.383266769157,0.004959271086295014,
9991.383266769157,0.004959271086295014,
9991.383266769157,0.004959271086295014,
9991.383266769157,0.004959271086295014,
9991.383266769157,0.004959271086295014,
9991.383266769157,0.004959271086295014,
9991.383266769157,0.004959271086295014,
9991.383266769157,0.004959271086295014,
9991.383266769157,0.004959271086295014,
9991.383266769157,0.004959271086295014,
9991.383266769157,0.004959271086295014,
9991.383266769157,0.004959271086295014,
9991.383266769157,0.004959271086295014,
9991.383266769157,0.004959271086295014,
9991.383266769157,0.004959271086295014,
9991.383266769157,0.004959271086295014,
9991.383266769157,0.004959271086295014,
9991.383266769157,0.004959271086295014,
9991.383266769157,0.004959271086295014,
9991.383266769157,0.004959271086295014,
9991.383266769157,0.004959271086295014,
9991.383266769157,0.004959271086295014,
9991.383266769157,0.004959271086295014,
9991.383266769157,0.004959271086295014,
9991.383266769157,0.004959271086295014,
9991.383266769157,0.004959271086295014,
9991.383266769157,0.004959271086295014,
9991.383266769157,0.004959271086295014,
9991.383266769157,0.004959271086295014,
9991.383266769157,0.004959271086295014,
9991.383266769157,0.004959271086295014,
9991.383266769157,0.004959271086295014,
9991.383266769157,0.004959271086295014,
9991.383266769157,0.004959271086295014,
9991.383266769157,0.004959271086295014,
9991.383266769157,0.004959271086295014,
9991.383266769157,0.004959271086295014,
9991.383266769157,0.004959271086295014,
9991.383266769157,0.004959271086295014,
9991.383266769157,0.004959271086295014,
9991.383266769157,0.004959271086295014,
9991.383266769157,0.004959271086295014,
9991.383266769157,0.004959271086295014,
9991.383266769157,0.004959271086295014,
9991.383266769157,0.004959271086295014,
9991.383266769157,0.004959271086295014,
9995.195949347453,0.004579566459765205,
9999.313389347453,0.004169511076094312,
10011.151029347453,0.002990601848040342,
10011.555489161301,0.002950321740947781,
10011.555489161301,0.002950321740947781,
10011.555489161301,0.002950321740947781,
10011.555489161301,0.002950321740947781,
10011.555489161301,0.002950321740947781,
10011.555489161301,0.002950321740947781,
10011.555489161301,0.002950321740947781,
10011.555489161301,0.002950321740947781,
10011.555489161301,0.002950321740947781,
10011.555489161301,0.002950321740947781,
10011.555489161301,0.002950321740947781,
10011.555489161301,0.002950321740947781,
10011.555489161301,0.002950321740947781,
10011.555489161301,0.002950321740947781,
10011.555489161301,0.002950321740947781,
10011.555489161301,0.002950321740947781,
10011.555489161301,0.002950321740947781,
10011.555489161301,0.002950321740947781,
10011.555489161301,0.002950321740947781,
10011.555489161301,0.002950321740947781,
10011.555489161301,0.002950321740947781,
10011.555489161301,0.002950321740947781,
10011.555489161301,0.002950321740947781,
10011.555489161301,0.002950321740947781,
10011.555489161301,0.002950321740947781,
10011.555489161301,0.002950321740947781,
10011.555489161301,0.002950321740947781,
10011.555489161301,0.002950321740947781,
10011.555489161301,0.002950321740947781,
10011.555489161301,0.002950321740947781,
10011.555489161301,0.002950321740947781,
10011.555489161301,0.002950321740947781,
10011.555489161301,0.002950321740947781,
10011.555489161301,0.002950321740947781,
10011.555489161301,0.002950321740947781,
10011.555489161301,0.002950321740947781,
10011.555489161301,0.002950321740947781,
10011.555489161301,0.002950321740947781,
10011.555489161301,0.002950321740947781,
10011.555489161301,0.002950321740947781,
10011.555489161301,0.002950321740947781,
10011.555489161301,0.002950321740947781,
10011.555489161301,0.002950321740947781,
10011.555489161301,0.002950321740947781,
10011.555489161301,0.002950321740947781,
10011.555489161301,0.002950321740947781,
10011.555489161301,0.002950321740947781,
10011.555489161301,0.002950321740947781,
10011.555489161301,0.002950321740947781,
10011.555489161301,0.002950321740947781,
10011.555489161301,0.002950321740947781,
10011.555489161301,0.002950321740947781,
10011.555489161301,0.002950321740947781,
10011.555489161301,0.002950321740947781,
10011.555489161301,0.002950321740947781,
10011.555489161301,0.002950321740947781,
10011.555489161301,0.002950321740947781,
10011.555489161301,0.002950321740947781,
10011.555489161301,0.002950321740947781,
10011.555489161301,0.002950321740947781,
10011.555489161301,0.002950321740947781,
10011.555489161301,0.002950321740947781,
10011.555489161301,0.002950321740947781,
10011.555489161301,0.002950321740947781,
10011.555489161301,0.002950321740947781,
10011.555489161301,0.002950321740947781,
10011.555489161301,0.002950321740947781,
10011.555489161301,0.002950321740947781,
10011.555489161301,0.002950321740947781,
10011.555489161301,0.002950321740947781,
10011.555489161301,0.002950321740947781,
10011.555489161301,0.002950321740947781,
10011.555489161301,0.002950321740947781,
10011.555489161301,0.002950321740947781,
10011.555489161301,0.002950321740947781,
10011.555489161301,0.002950321740947781,
10011.555489161301,0.002950321740947781,
10011.555489161301,0.002950321740947781,
10011.555489161301,0.002950321740947781,
10011.555489161301,0.002950321740947781,
10011.555489161301,0.002950321740947781,
10011.555489161301,0.002950321740947781,
10011.555489161301,0.002950321740947781,
10011.555489161301,0.002950321740947781,
10011.555489161301,0.002950321740947781,
10011.555489161301,0.002950321740947781,
10011.555489161301,0.002950321740947781,
10011.555489161301,0.002950321740947781,
10011.555489161301,0.002950321740947781,
10011.555489161301,0.002950321740947781,
10011.555489161301,0.002950321740947781,
10011.555489161301,0.002950321740947781,
10011.555489161301,0.002950321740947781,
10011.555489161301,0.002950321740947781,
10011.555489161301,0.002950321740947781,
10011.555489161301,0.002950321740947781,
10011.555489161301,0.002950321740947781,
10011.555489161301,0.002950321740947781,
10011.555489161301,0.002950321740947781,
10011.555489161301,0.002950321740947781,
10011.555489161301,0.002950321740947781,
10011.555489161301,0.002950321740947781,
10011.555489161301,0.002950321740947781,
10011.555489161301,0.002950321740947781,
10011.555489161301,0.002950321740947781,
10011.555489161301,0.002950321740947781,
10011.555489161301,0.002950321740947781,
10011.555489161301,0.002950321740947781,
10011.555489161301,0.002950321740947781,
10011.555489161301,0.002950321740947781,
10011.555489161301,0.002950321740947781,
10011.555489161301,0.002950321740947781,
10011.555489161301,0.002950321740947781,
10011.555489161301,0.002950321740947781,
10011.555489161301,0.002950321740947781,
9999.824749357142,0.0041185847905947925,
9987.108752371681,0.005384969491435965,
9985.427740140061,0.005552381309359866,
9988.963990140062,0.005200206572021471,
9992.413990140061,0.004856621462423161,
9996.295240140062,0.004470088214124979,
9998.537740140062,0.004246757892885977,
9998.882740140061,0.004212399381926191,
10002.073990140061,0.003894583155547693,
10003.626490140063,0.0037399698562282646,
10000.780240140062,0.004023427571646976,
9994.483990140061,0.004650470396664219,
9991.896490140061,0.004908159228862896,
9991.20649014006,0.004976876250782691,
9992.758990140062,0.004822262951463263,
9993.535240140061,0.0047449563018037155,
9996.295240140062,0.004470088214124979,
10000.607740140062,0.004040606827127036,
9998.968990140062,0.004203809754186216,
9997.67524014006,0.004332654170285721,
10002.246490140064,0.003877403900067522,
10009.368489034123,0.003168124836132824,
10009.368489034123,0.003168124836132824,
10009.368489034123,0.003168124836132824,
10009.368489034123,0.003168124836132824,
10009.368489034123,0.003168124836132824,
10009.368489034123,0.003168124836132824,
10009.368489034123,0.003168124836132824,
10009.368489034123,0.003168124836132824,
10009.368489034123,0.003168124836132824,
10009.368489034123,0.003168124836132824,
10009.368489034123,0.003168124836132824,
10009.368489034123,0.003168124836132824,
10009.368489034123,0.003168124836132824,
10009.368489034123,0.003168124836132824,
10009.368489034123,0.003168124836132824,
10009.368489034123,0.003168124836132824,
10009.368489034123,0.003168124836132824,
10009.368489034123,0.003168124836132824,
10009.368489034123,0.003168124836132824,
10009.368489034123,0.003168124836132824,
10009.368489034123,0.003168124836132824,
10009.368489034123,0.003168124836132824,
10009.368489034123,0.003168124836132824,
10009.368489034123,0.003168124836132824,
10009.368489034123,0.003168124836132824,
10009.368489034123,0.003168124836132824,
10009.368489034123,0.003168124836132824,
10009.368489034123,0.003168124836132824,
10009.368489034123,0.003168124836132824,
10009.368489034123,0.003168124836132824,
10009.368489034123,0.003168124836132824,
10009.368489034123,0.003168124836132824,
10009.368489034123,0.003168124836132824,
10009.368489034123,0.003168124836132824,
10009.368489034123,0.003168124836132824,
10009.368489034123,0.003168124836132824,
10009.368489034123,0.003168124836132824,
10009.368489034123,0.003168124836132824,
10009.368489034123,0.003168124836132824,
10009.368489034123,0.003168124836132824,
10009.368489034123,0.003168124836132824,
10009.368489034123,0.003168124836132824,
10009.368489034123,0.003168124836132824,
10009.368489034123,0.003168124836132824,
10009.368489034123,0.003168124836132824,
10009.368489034123,0.003168124836132824,
10009.368489034123,0.003168124836132824,
10009.368489034123,0.003168124836132824,
10009.368489034123,0.003168124836132824,
10009.368489034123,0.003168124836132824,
10009.368489034123,0.003168124836132824,
10009.368489034123,0.003168124836132824,
10009.368489034123,0.003168124836132824,
10009.368489034123,0.003168124836132824,
10009.368489034123,0.003168124836132824,
10009.368489034123,0.003168124836132824,
10009.368489034123,0.003168124836132824,
10009.368489034123,0.003168124836132824,
10009.368489034123,0.003168124836132824,
10009.368489034123,0.003168124836132824,
10009.368489034123,0.003168124836132824,
10009.368489034123,0.003168124836132824,
10009.368489034123,0.003168124836132824,
10009.368489034123,0.003168124836132824,
10009.368489034123,0.003168124836132824,
10009.368489034123,0.003168124836132824,
10009.368489034123,0.003168124836132824,
10009.368489034123,0.003168124836132824,
10009.368489034123,0.003168124836132824,
10009.368489034123,0.003168124836132824,
10009.368489034123,0.003168124836132824,
10009.368489034123,0.003168124836132824,
10009.368489034123,0.003168124836132824,
10009.368489034123,0.003168124836132824,
10009.368489034123,0.003168124836132824,
10009.368489034123,0.003168124836132824,
10009.368489034123,0.003168124836132824,
10009.368489034123,0.003168124836132824,
10011.240845505487,0.002981657067025356,
10010.459195505488,0.0030595015020737915,
10019.578445505487,0.0021513164265072326,
10023.226145505489,0.001788042396280387,
10026.949918672803,0.0014171922479293553,
10026.949918672803,0.0014171922479293553,
10026.949918672803,0.0014171922479293553,
10026.949918672803,0.0014171922479293553,
10026.949918672803,0.0014171922479293553,
10026.949918672803,0.0014171922479293553,
10026.949918672803,0.0014171922479293553,
10026.949918672803,0.0014171922479293553,
10026.949918672803,0.0014171922479293553,
10026.949918672803,0.0014171922479293553,
10026.949918672803,0.0014171922479293553,
10026.949918672803,0.0014171922479293553,
10026.949918672803,0.0014171922479293553,
10026.949918672803,0.0014171922479293553,
10026.949918672803,0.0014171922479293553,
10026.949918672803,0.0014171922479293553,
10026.949918672803,0.0014171922479293553,
10026.949918672803,0.0014171922479293553,
10026.949918672803,0.0014171922479293553,
10026.949918672803,0.0014171922479293553,
10026.949918672803,0.0014171922479293553,
10026.949918672803,0.0014171922479293553,
10026.949918672803,0.0014171922479293553,
10026.949918672803,0.0014171922479293553,
10026.949918672803,0.0014171922479293553,
10026.949918672803,0.0014171922479293553,
10026.949918672803,0.0014171922479293553,
10026.949918672803,0.0014171922479293553,
10026.949918672803,0.0014171922479293553,
10026.949918672803,0.0014171922479293553,
10026.949918672803,0.0014171922479293553,
10026.949918672803,0.0014171922479293553,
10026.949918672803,0.0014171922479293553,
10026.949918672803,0.0014171922479293553,
10026.949918672803,0.0014171922479293553,
10026.949918672803,0.0014171922479293553,
10026.949918672803,0.0014171922479293553,
10026.949918672803,0.0014171922479293553,16 days 10:15:00
