rank,file,tag,months,share_pf_gt1,pf_median,pf_min,wr_median,dd_median
1,./out/rolling_A_24m_G3_KILL_rsi18_bb2.0_atr1.2_risk0.5_london7-18_atrmin0.0005_edge0.5.csv,G3_KILL_rsi18_bb2.0_atr1.2_risk0.5_london7-18_atrmin0.0005_edge0.5,24,0.7083333333333334,1.245700774242132,0.2598003796147156,31.349206349206355,-0.9161723424975954
2,./out/rolling_A_24m_router_EURUSD_USDCHF_prev3m_median.csv,router_EURUSD_USDCHF_prev3m_median,24,0.7083333333333334,1.245700774242132,0.2598003796147156,31.349206349206355,-0.9161723424975954
3,./out/rolling_A_24m_router_EURUSD_USDCHF_prev_best.csv,router_EURUSD_USDCHF_prev_best,24,0.7083333333333334,1.245700774242132,0.2598003796147156,31.349206349206355,-0.9161723424975954
4,./out/rolling_A_24m_router_EURUSD_USDJPY_prev3m_median.csv,router_EURUSD_USDJPY_prev3m_median,24,0.7083333333333334,1.245700774242132,0.2598003796147156,31.349206349206355,-0.9161723424975954
5,./out/rolling_A_24m_router_EURUSD_USDJPY_prev_best.csv,router_EURUSD_USDJPY_prev_best,24,0.7083333333333334,1.245700774242132,0.2598003796147156,31.349206349206355,-0.9161723424975954
6,./out/rolling_A_24m_router_ruleA_prev_best.csv,router_ruleA_prev_best,24,0.7083333333333334,1.245700774242132,0.2598003796147156,31.349206349206355,-0.9161723424975954
7,./out/rolling_A_24m_router_ruleB_prev3m_median.csv,router_ruleB_prev3m_median,24,0.7083333333333334,1.245700774242132,0.2598003796147156,31.349206349206355,-0.9161723424975954
8,./out/rolling_A_24m_rsi18_bb2.0_atr1.2_risk0.5_london7-18_atrmin0.0005_edge0.5.csv,rsi18_bb2.0_atr1.2_risk0.5_london7-18_atrmin0.0005_edge0.5,24,0.7083333333333334,1.245700774242132,0.2598003796147156,31.349206349206355,-0.9161723424975954
9,./out/rolling_A_24m_rsi18_bb2.0_atr1.2_risk1_london7-18_atrmin0.0005_edge0.5.csv,rsi18_bb2.0_atr1.2_risk1_london7-18_atrmin0.0005_edge0.5,24,0.7083333333333334,1.245700774242132,0.2598003796147156,31.349206349206355,-0.9161723424975954
10,./out/rolling_A_24m_rsi18_bb2.0_atr1.2_risk0.5_london7-18_atrmin0.0007_edge0.5.csv,rsi18_bb2.0_atr1.2_risk0.5_london7-18_atrmin0.0007_edge0.5,24,0.7083333333333334,1.2385772047310017,0.2790219922740002,30.76923076923077,-0.7558553376537713
11,./out/rolling_A_24m_rsi18_bb2.0_atr1.2_risk1_london7-18_atrmin0.0007_edge0.5.csv,rsi18_bb2.0_atr1.2_risk1_london7-18_atrmin0.0007_edge0.5,24,0.7083333333333334,1.2385772047310017,0.2790219922740002,30.76923076923077,-0.7558553376537713
12,./out/rolling_A_24m_G3_KILL_rsi18_bb2.0_atr1.2_risk0.5_london8-17_atrmin0.0005_edge0.5.csv,G3_KILL_rsi18_bb2.0_atr1.2_risk0.5_london8-17_atrmin0.0005_edge0.5,24,0.7083333333333334,1.1067867424730047,0.2819934662021909,31.384615384615387,-0.82301012440682
13,./out/rolling_A_24m_rsi18_bb2.0_atr1.2_risk0.5_london8-17_atrmin0.0005_edge0.5.csv,rsi18_bb2.0_atr1.2_risk0.5_london8-17_atrmin0.0005_edge0.5,24,0.7083333333333334,1.1067867424730047,0.2819934662021909,31.384615384615387,-0.82301012440682
14,./out/rolling_A_24m_rsi18_bb2.0_atr1.2_risk1_london8-17_atrmin0.0005_edge0.5.csv,rsi18_bb2.0_atr1.2_risk1_london8-17_atrmin0.0005_edge0.5,24,0.7083333333333334,1.1067867424730047,0.2819934662021909,31.384615384615387,-0.82301012440682
15,./out/rolling_A_24m_router_EURUSD_USDJPY_pfprev_lt0.6.csv,router_EURUSD_USDJPY_pfprev_lt0.6,24,0.6666666666666666,1.2278338914221947,0.1975338018446997,31.349206349206355,-0.9161723424975954
16,./out/rolling_A_24m_router_EURUSD_GBPUSD_pfprev_lt0.6.csv,router_EURUSD_GBPUSD_pfprev_lt0.6,24,0.6666666666666666,1.2278338914221947,0.0191171567299442,30.27777777777778,-0.9161723424975954
17,./out/rolling_A_24m_router_EURUSD_USDCHF_pfprev_lt0.6.csv,router_EURUSD_USDCHF_pfprev_lt0.6,24,0.6666666666666666,1.2278338914221947,0.0,30.27777777777778,-0.9161723424975954
18,./out/rolling_A_24m_G4_BE_rsi18_bb2.0_atr1.2_risk0.5_london7-18_atrmin0.0005_edge0.5.csv,G4_BE_rsi18_bb2.0_atr1.2_risk0.5_london7-18_atrmin0.0005_edge0.5,24,0.6666666666666666,1.227735287046527,0.0895616194936885,21.964285714285715,-0.8580629299749509
19,./out/rolling_A_24m_rsi18_bb2.0_atr1.2_risk0.5_london7-18_atrmin0.0007_edge1.csv,rsi18_bb2.0_atr1.2_risk0.5_london7-18_atrmin0.0007_edge1,24,0.625,1.3689431525027347,0.0,33.33333333333333,-0.6316910042030721
20,./out/rolling_A_24m_rsi18_bb2.0_atr1.2_risk1_london7-18_atrmin0.0007_edge1.csv,rsi18_bb2.0_atr1.2_risk1_london7-18_atrmin0.0007_edge1,24,0.625,1.3689431525027347,0.0,33.33333333333333,-0.6316910042030721
21,./out/rolling_A_24m_rsi18_bb2.0_atr1.2_risk0.5_london8-17_atrmin0.0007_edge1.csv,rsi18_bb2.0_atr1.2_risk0.5_london8-17_atrmin0.0007_edge1,24,0.5833333333333334,1.4936118995983878,0.0,40.0,-0.5053006555664097
22,./out/rolling_A_24m_rsi18_bb2.0_atr1.2_risk1_london8-17_atrmin0.0007_edge1.csv,rsi18_bb2.0_atr1.2_risk1_london8-17_atrmin0.0007_edge1,24,0.5833333333333334,1.4936118995983878,0.0,40.0,-0.5053006555664097
23,./out/rolling_A_24m_rsi18_bb2.0_atr1.2_risk0.5_london8-17_atrmin0.0005_edge1.csv,rsi18_bb2.0_atr1.2_risk0.5_london8-17_atrmin0.0005_edge1,24,0.5833333333333334,1.3848597912201517,0.0,38.75,-0.5414509698777603
24,./out/rolling_A_24m_rsi18_bb2.0_atr1.2_risk1_london8-17_atrmin0.0005_edge1.csv,rsi18_bb2.0_atr1.2_risk1_london8-17_atrmin0.0005_edge1,24,0.5833333333333334,1.3848597912201517,0.0,38.75,-0.5414509698777603
25,./out/rolling_A_24m_rsi24_bb2.4_atr1.0_risk1_rr1.5_london7-18_atrmin0.0007_edge0.5.csv,rsi24_bb2.4_atr1.0_risk1_rr1.5_london7-18_atrmin0.0007_edge0.5,24,0.5833333333333334,1.3575488228239028,0.0,50.0,-0.3073250076213174
26,./out/rolling_A_24m_rsi18_bb2.4_atr1.0_risk1_rr1.5_london8-17_atrmin0.0007_edge0.5.csv,rsi18_bb2.4_atr1.0_risk1_rr1.5_london8-17_atrmin0.0007_edge0.5,24,0.5833333333333334,1.336293532383623,0.1686575025033488,53.333333333333336,-0.31174540563614345
27,./out/rolling_A_24m_rsi24_bb2.4_atr1.0_risk1_rr1.5_london7-18_atrmin0.0005_edge0.5.csv,rsi24_bb2.4_atr1.0_risk1_rr1.5_london7-18_atrmin0.0005_edge0.5,24,0.5833333333333334,1.334278390478012,0.0,47.22222222222222,-0.3396126511183095
28,./out/rolling_A_24m_rsi18_bb2.0_atr1.2_risk0.5_london7-18_atrmin0.0005_edge1.csv,rsi18_bb2.0_atr1.2_risk0.5_london7-18_atrmin0.0005_edge1,24,0.5833333333333334,1.3302591167858302,0.0,36.666666666666664,-0.6455820097031828
29,./out/rolling_A_24m_rsi18_bb2.0_atr1.2_risk1_london7-18_atrmin0.0005_edge1.csv,rsi18_bb2.0_atr1.2_risk1_london7-18_atrmin0.0005_edge1,24,0.5833333333333334,1.3302591167858302,0.0,36.666666666666664,-0.6455820097031828
30,./out/rolling_A_24m_rsi18_bb2.4_atr1.0_risk1_rr1.5_london8-17_atrmin0.0005_edge0.5.csv,rsi18_bb2.4_atr1.0_risk1_rr1.5_london8-17_atrmin0.0005_edge0.5,24,0.5833333333333334,1.3206240820337976,0.1686575025033488,53.333333333333336,-0.31719420430422196
31,./out/rolling_A_24m_rsi18_bb2.0_atr1.2_risk0.5_london8-17_atrmin0.0007_edge0.5.csv,rsi18_bb2.0_atr1.2_risk0.5_london8-17_atrmin0.0007_edge0.5,24,0.5833333333333334,1.2710506509487036,0.2977701902062141,31.456043956043956,-0.7738563986720126
32,./out/rolling_A_24m_rsi18_bb2.0_atr1.2_risk1_london8-17_atrmin0.0007_edge0.5.csv,rsi18_bb2.0_atr1.2_risk1_london8-17_atrmin0.0007_edge0.5,24,0.5833333333333334,1.2710506509487036,0.2977701902062141,31.456043956043956,-0.7738563986720126
33,./out/rolling_A_24m_rsi18_bb2.4_atr1.0_risk1_rr1.5_london7-18_atrmin0.0007_edge0.5.csv,rsi18_bb2.4_atr1.0_risk1_rr1.5_london7-18_atrmin0.0007_edge0.5,24,0.5833333333333334,1.2276675433616568,0.0,50.0,-0.32556519850566734
34,./out/rolling_A_24m_G4_BE_rsi18_bb2.0_atr1.2_risk0.5_london8-17_atrmin0.0005_edge0.5.csv,G4_BE_rsi18_bb2.0_atr1.2_risk0.5_london8-17_atrmin0.0005_edge0.5,24,0.5833333333333334,1.2117822589569256,0.1017508730821273,22.40143369175627,-0.7756955759541884
35,./out/rolling_A_24m_DOWTT_london7-18.csv,DOWTT_london7-18,24,0.5833333333333334,1.1750480596276534,0.1926927121867112,28.85375494071146,-0.7722137017012243
36,./out/rolling_A_24m_rsi18_bb2.0_atr1.2_risk0.5.csv,rsi18_bb2.0_atr1.2_risk0.5,24,0.5833333333333334,1.0756613314256647,0.7336331309628664,30.06849315068493,-1.5328712646938079
37,./out/rolling_A_24m_rsi18_bb2.0_atr1.2_risk1.csv,rsi18_bb2.0_atr1.2_risk1,24,0.5833333333333334,1.0756613314256647,0.7336331309628664,30.06849315068493,-1.5328712646938079
38,./out/rolling_A_24m_BASE15_london7-18.csv,BASE15_london7-18,24,0.5833333333333334,1.0419218104396155,0.0,45.8041958041958,-0.6455767215686636
39,./out/rolling_A_24m_rsi12_bb2.4_atr1.0_risk1_rr1.5_london8-17_atrmin0.0007_edge0.5.csv,rsi12_bb2.4_atr1.0_risk1_rr1.5_london8-17_atrmin0.0007_edge0.5,24,0.5416666666666666,1.3966547422084408,0.1523340959648969,51.66666666666667,-0.35173604918437573
40,./out/rolling_A_24m_rsi16_bb2.4_atr1.0_risk1_rr1.5_london8-17_atrmin0.0007_edge0.5.csv,rsi16_bb2.4_atr1.0_risk1_rr1.5_london8-17_atrmin0.0007_edge0.5,24,0.5416666666666666,1.336293532383623,0.1523340959648969,50.0,-0.3346461707497639
41,./out/rolling_A_24m_rsi14_bb2.4_atr1.0_risk1_rr1.5_london8-17_atrmin0.0007_edge0.5.csv,rsi14_bb2.4_atr1.0_risk1_rr1.5_london8-17_atrmin0.0007_edge0.5,24,0.5416666666666666,1.3206240820337976,0.1523340959648969,50.0,-0.35173604918437573
42,./out/rolling_A_24m_rsi16_bb2.4_atr1.0_risk1_rr1.5_london8-17_atrmin0.0005_edge0.5.csv,rsi16_bb2.4_atr1.0_risk1_rr1.5_london8-17_atrmin0.0005_edge0.5,24,0.5416666666666666,1.3206240820337976,0.1523340959648969,50.0,-0.33176823302948355
43,./out/rolling_A_24m_rsi24_bb2.4_atr1.0_risk1_rr1.5_london8-17_atrmin0.0005_edge0.5.csv,rsi24_bb2.4_atr1.0_risk1_rr1.5_london8-17_atrmin0.0005_edge0.5,24,0.5416666666666666,1.2791027811847457,0.0,50.0,-0.2838471334350334
44,./out/rolling_A_24m_rsi24_bb2.4_atr1.0_risk1_rr1.5_london8-17_atrmin0.0007_edge0.5.csv,rsi24_bb2.4_atr1.0_risk1_rr1.5_london8-17_atrmin0.0007_edge0.5,24,0.5416666666666666,1.2611172576660916,0.0,50.0,-0.31058728571850547
45,./out/rolling_A_24m_rsi16_bb2.4_atr1.0_risk1_rr1.5_london7-18_atrmin0.0007_edge0.5.csv,rsi16_bb2.4_atr1.0_risk1_rr1.5_london7-18_atrmin0.0007_edge0.5,24,0.5416666666666666,1.2276675433616568,0.0,50.0,-0.3463081684906
46,./out/rolling_A_24m_rsi12_bb2.4_atr1.0_risk1_rr1.5_london8-17_atrmin0.0005_edge0.5.csv,rsi12_bb2.4_atr1.0_risk1_rr1.5_london8-17_atrmin0.0005_edge0.5,24,0.5416666666666666,1.2267233886101756,0.1523340959648969,51.66666666666667,-0.34266355490874534
47,./out/rolling_A_24m_rsi14_bb2.4_atr1.0_risk1_rr1.5_london8-17_atrmin0.0005_edge0.5.csv,rsi14_bb2.4_atr1.0_risk1_rr1.5_london8-17_atrmin0.0005_edge0.5,24,0.5416666666666666,1.2185272063747583,0.1523340959648969,50.0,-0.34266355490874534
48,./out/rolling_A_24m_rsi14_bb2.4_atr1.0_risk1_rr1.5_london7-18_atrmin0.0007_edge0.5.csv,rsi14_bb2.4_atr1.0_risk1_rr1.5_london7-18_atrmin0.0007_edge0.5,24,0.5416666666666666,1.1751127565151445,0.1119677183344476,48.07692307692308,-0.3703068532940889
49,./out/rolling_A_24m_rsi12_bb2.4_atr1.0_risk1_rr1.5_london7-18_atrmin0.0007_edge0.5.csv,rsi12_bb2.4_atr1.0_risk1_rr1.5_london7-18_atrmin0.0007_edge0.5,24,0.5416666666666666,1.1751127565151445,0.1031467040216884,49.547511312217196,-0.3703068532940889
50,./out/rolling_A_24m_rsi14_bb2.4_atr1.0_risk1_rr1.5_london7-18_atrmin0.0005_edge0.5.csv,rsi14_bb2.4_atr1.0_risk1_rr1.5_london7-18_atrmin0.0005_edge0.5,24,0.5416666666666666,1.146759885106853,0.1119677183344476,47.2463768115942,-0.41644840572791497
51,./out/rolling_A_24m_rsi12_bb2.4_atr1.0_risk1_rr1.5_london7-18_atrmin0.0005_edge0.5.csv,rsi12_bb2.4_atr1.0_risk1_rr1.5_london7-18_atrmin0.0005_edge0.5,24,0.5416666666666666,1.12349516141408,0.1031467040216884,47.2463768115942,-0.41644840572791497
52,./out/rolling_A_24m_rsi14_bb2.0_atr1.0_risk1_london7-18_atrmin0.0005_edge0.5.csv,rsi14_bb2.0_atr1.0_risk1_london7-18_atrmin0.0005_edge0.5,24,0.5416666666666666,1.1062175159705943,0.2110642002006519,27.79310344827586,-0.7658546276691103
53,./out/rolling_A_24m_rsi18_bb2.4_atr1.0_risk1_rr1.5_london7-18_atrmin0.0005_edge0.5.csv,rsi18_bb2.4_atr1.0_risk1_rr1.5_london7-18_atrmin0.0005_edge0.5,24,0.5416666666666666,1.0823084047787244,0.0,48.07692307692308,-0.3716385105229314
54,./out/rolling_A_24m_rsi20_bb2.0_atr1.0_risk1_rr1.8_london7-18_atrmin0.0010_edge0.5.csv,rsi20_bb2.0_atr1.0_risk1_rr1.8_london7-18_atrmin0.0010_edge0.5,24,0.5,1.1617026681929172,0.0,39.565217391304344,-0.47187903618226
55,./rolling_A_24m.csv,current,24,0.5,1.1617026681929172,0.0,39.565217391304344,-0.47187903618226
56,./out/rolling_A_24m_rsi16_bb2.4_atr1.0_risk1_rr1.5_london7-18_atrmin0.0005_edge0.5.csv,rsi16_bb2.4_atr1.0_risk1_rr1.5_london7-18_atrmin0.0005_edge0.5,24,0.5,1.0500994041509784,0.0,46.41025641025641,-0.373313734516062
57,./out/rolling_A_24m_rsi24_bb2.4_atr1.0_risk1_rr1.5_london7-18_atrmin0.0010_edge0.5.csv,rsi24_bb2.4_atr1.0_risk1_rr1.5_london7-18_atrmin0.0010_edge0.5,24,0.4583333333333333,1.1464983157670257,0.0,53.57142857142857,-0.2581400964007607
58,./out/rolling_A_24m_rsi12_bb2.4_atr1.0_risk1_rr1.5_london8-17_atrmin0.0010_edge0.5.csv,rsi12_bb2.4_atr1.0_risk1_rr1.5_london8-17_atrmin0.0010_edge0.5,24,0.4583333333333333,1.0271703095460931,0.0,50.0,-0.3597547732018036
59,./out/rolling_A_24m_rsi14_bb2.4_atr1.0_risk1_rr1.5_london8-17_atrmin0.0010_edge0.5.csv,rsi14_bb2.4_atr1.0_risk1_rr1.5_london8-17_atrmin0.0010_edge0.5,24,0.4583333333333333,1.0271703095460931,0.0,50.0,-0.3597547732018036
60,./out/rolling_A_24m_rsi12_bb2.4_atr1.0_risk1_rr1.5_london8-17_atrmin0.0007_edge0.75.csv,rsi12_bb2.4_atr1.0_risk1_rr1.5_london8-17_atrmin0.0007_edge0.75,24,0.4583333333333333,1.0139638856454272,0.0,50.0,-0.24789380549491974
61,./out/rolling_A_24m_rsi14_bb2.4_atr1.0_risk1_rr1.5_london8-17_atrmin0.0007_edge0.75.csv,rsi14_bb2.4_atr1.0_risk1_rr1.5_london8-17_atrmin0.0007_edge0.75,24,0.4583333333333333,1.0139638856454272,0.0,50.0,-0.24789380549491974
62,./out/rolling_A_24m_rsi16_bb2.4_atr1.0_risk1_rr1.5_london8-17_atrmin0.0007_edge0.75.csv,rsi16_bb2.4_atr1.0_risk1_rr1.5_london8-17_atrmin0.0007_edge0.75,24,0.4583333333333333,1.0139638856454272,0.0,50.0,-0.24789380549491974
63,./out/rolling_A_24m_rsi18_bb2.4_atr1.0_risk1_rr1.5_london8-17_atrmin0.0007_edge0.75.csv,rsi18_bb2.4_atr1.0_risk1_rr1.5_london8-17_atrmin0.0007_edge0.75,24,0.4583333333333333,1.0139638856454272,0.0,50.0,-0.24789380549491974
64,./out/rolling_A_24m_rsi12_bb2.4_atr1.0_risk1_rr1.5_london7-18_atrmin0.0005_edge0.75.csv,rsi12_bb2.4_atr1.0_risk1_rr1.5_london7-18_atrmin0.0005_edge0.75,24,0.4583333333333333,1.0104839754915016,0.0,50.0,-0.3106958874882937
65,./out/rolling_A_24m_rsi14_bb2.4_atr1.0_risk1_rr1.5_london7-18_atrmin0.0005_edge0.75.csv,rsi14_bb2.4_atr1.0_risk1_rr1.5_london7-18_atrmin0.0005_edge0.75,24,0.4583333333333333,1.0104839754915016,0.0,50.0,-0.3106958874882937
66,./out/rolling_A_24m_rsi12_bb2.4_atr1.0_risk1_rr1.5_london7-18_atrmin0.0010_edge0.5.csv,rsi12_bb2.4_atr1.0_risk1_rr1.5_london7-18_atrmin0.0010_edge0.5,24,0.4583333333333333,1.0006021635589035,0.0,47.22222222222222,-0.36441718924411504
67,./out/rolling_A_24m_rsi14_bb2.4_atr1.0_risk1_rr1.5_london7-18_atrmin0.0010_edge0.5.csv,rsi14_bb2.4_atr1.0_risk1_rr1.5_london7-18_atrmin0.0010_edge0.5,24,0.4583333333333333,1.0006021635589035,0.0,47.22222222222222,-0.36441718924411504
68,./out/rolling_A_24m_rsi18_bb2.4_atr1.0_risk1_rr1.5_london7-18_atrmin0.0005_edge0.75.csv,rsi18_bb2.4_atr1.0_risk1_rr1.5_london7-18_atrmin0.0005_edge0.75,24,0.4583333333333333,0.8911107308039891,0.0,50.0,-0.26290299430117847
69,./out/rolling_A_24m_rsi12_bb2.4_atr1.0_risk1_rr1.5_london8-17_atrmin0.0005_edge0.75.csv,rsi12_bb2.4_atr1.0_risk1_rr1.5_london8-17_atrmin0.0005_edge0.75,24,0.4166666666666667,0.9985440159666925,0.0,50.0,-0.24789380549491974
70,./out/rolling_A_24m_rsi14_bb2.4_atr1.0_risk1_rr1.5_london8-17_atrmin0.0005_edge0.75.csv,rsi14_bb2.4_atr1.0_risk1_rr1.5_london8-17_atrmin0.0005_edge0.75,24,0.4166666666666667,0.9985440159666925,0.0,50.0,-0.24789380549491974
71,./out/rolling_A_24m_rsi16_bb2.4_atr1.0_risk1_rr1.5_london8-17_atrmin0.0005_edge0.75.csv,rsi16_bb2.4_atr1.0_risk1_rr1.5_london8-17_atrmin0.0005_edge0.75,24,0.4166666666666667,0.9985440159666925,0.0,50.0,-0.24789380549491974
72,./out/rolling_A_24m_rsi18_bb2.4_atr1.0_risk1_rr1.5_london8-17_atrmin0.0005_edge0.75.csv,rsi18_bb2.4_atr1.0_risk1_rr1.5_london8-17_atrmin0.0005_edge0.75,24,0.4166666666666667,0.9985440159666925,0.0,50.0,-0.24789380549491974
73,./out/rolling_A_24m_rsi12_bb2.4_atr1.0_risk1_rr1.5_london7-18_atrmin0.0007_edge0.75.csv,rsi12_bb2.4_atr1.0_risk1_rr1.5_london7-18_atrmin0.0007_edge0.75,24,0.4166666666666667,0.9788702011582676,0.0,50.0,-0.2830507838839591
74,./out/rolling_A_24m_rsi14_bb2.4_atr1.0_risk1_rr1.5_london7-18_atrmin0.0007_edge0.75.csv,rsi14_bb2.4_atr1.0_risk1_rr1.5_london7-18_atrmin0.0007_edge0.75,24,0.4166666666666667,0.9788702011582676,0.0,50.0,-0.2830507838839591
75,./out/rolling_A_24m_rsi14_bb2.4_atr1.0_risk1_rr1.5.csv,rsi14_bb2.4_atr1.0_risk1_rr1.5,24,0.4166666666666667,0.9626071611064462,0.4962734881403476,43.90889830508475,-0.9585200353927237
76,./out/rolling_A_24m_rsi16_bb2.4_atr1.0_risk1_rr1.5_london8-17_atrmin0.0010_edge0.5.csv,rsi16_bb2.4_atr1.0_risk1_rr1.5_london8-17_atrmin0.0010_edge0.5,24,0.4166666666666667,0.96199629358969,0.0,50.0,-0.31057623643029886
77,./out/rolling_A_24m_rsi18_bb2.4_atr1.0_risk1_rr1.5_london8-17_atrmin0.0010_edge0.5.csv,rsi18_bb2.4_atr1.0_risk1_rr1.5_london8-17_atrmin0.0010_edge0.5,24,0.4166666666666667,0.96199629358969,0.0,50.0,-0.3105785358490598
78,./out/rolling_A_24m_rsi24_bb2.4_atr1.0_risk1_rr1.5.csv,rsi24_bb2.4_atr1.0_risk1_rr1.5,24,0.4166666666666667,0.9345129513554278,0.3056201018024285,41.883116883116884,-0.6200441805698342
79,./out/rolling_A_24m_rsi18_bb2.4_atr1.0_risk1_rr1.5.csv,rsi18_bb2.4_atr1.0_risk1_rr1.5,24,0.4166666666666667,0.9229272149064698,0.1795016591444442,43.24324324324324,-0.7875742477687353
80,./out/rolling_A_24m_rsi16_bb2.4_atr1.0_risk1_rr1.5_london7-18_atrmin0.0010_edge0.5.csv,rsi16_bb2.4_atr1.0_risk1_rr1.5_london7-18_atrmin0.0010_edge0.5,24,0.4166666666666667,0.8702541316460971,0.0,45.0,-0.35147174170613305
81,./out/rolling_A_24m_rsi18_bb2.4_atr1.0_risk1_rr1.5_london7-18_atrmin0.0010_edge0.5.csv,rsi18_bb2.4_atr1.0_risk1_rr1.5_london7-18_atrmin0.0010_edge0.5,24,0.4166666666666667,0.8702541316460971,0.0,45.0,-0.351474041124894
82,./out/rolling_A_24m_rsi16_bb2.4_atr1.0_risk1_rr1.5_london7-18_atrmin0.0005_edge0.75.csv,rsi16_bb2.4_atr1.0_risk1_rr1.5_london7-18_atrmin0.0005_edge0.75,24,0.4166666666666667,0.7936212966821232,0.0,47.22222222222222,-0.3106958874882937
83,./out/rolling_A_24m_rsi24_bb2.4_atr1.0_risk1_rr1.5_london7-18_atrmin0.0005_edge0.75.csv,rsi24_bb2.4_atr1.0_risk1_rr1.5_london7-18_atrmin0.0005_edge0.75,24,0.4166666666666667,0.6435149514306988,0.0,47.22222222222222,-0.24409232236007322
84,./out/rolling_A_24m_rsi24_bb2.4_atr1.0_risk1_rr1.5_london8-17_atrmin0.0010_edge0.5.csv,rsi24_bb2.4_atr1.0_risk1_rr1.5_london8-17_atrmin0.0010_edge0.5,24,0.375,1.098930899385013,0.0,57.14285714285714,-0.2581400964007607
85,./out/rolling_A_24m_rsi16_bb2.4_atr1.0_risk1_rr1.5.csv,rsi16_bb2.4_atr1.0_risk1_rr1.5,24,0.375,0.8798321620625301,0.429221220493054,44.661854103343465,-0.8922001608325403
86,./out/rolling_A_24m_rsi16_bb2.4_atr1.0_risk1_rr1.5_london7-18_atrmin0.0007_edge0.75.csv,rsi16_bb2.4_atr1.0_risk1_rr1.5_london7-18_atrmin0.0007_edge0.75,24,0.375,0.8106890173497873,0.0,50.0,-0.2830507838839591
87,./out/rolling_A_24m_rsi18_bb2.4_atr1.0_risk1_rr1.5_london7-18_atrmin0.0007_edge0.75.csv,rsi18_bb2.4_atr1.0_risk1_rr1.5_london7-18_atrmin0.0007_edge0.75,24,0.375,0.8106890173497873,0.0,53.57142857142857,-0.262894721245599
88,./out/rolling_A_24m_rsi24_bb2.4_atr1.0_risk1_rr1.5_london8-17_atrmin0.0007_edge0.75.csv,rsi24_bb2.4_atr1.0_risk1_rr1.5_london8-17_atrmin0.0007_edge0.75,24,0.3333333333333333,0.9017456226414412,0.0,50.0,-0.22866758082544786
89,./out/rolling_A_24m_rsi12_bb2.4_atr1.0_risk1_rr1.5.csv,rsi12_bb2.4_atr1.0_risk1_rr1.5,24,0.3333333333333333,0.892310858083287,0.5051532308093001,43.794871794871796,-1.0618734934484952
90,./out/rolling_A_24m_rsi12_bb2.4_atr1.0_risk1_rr1.5_london7-18_atrmin0.0005_edge1.csv,rsi12_bb2.4_atr1.0_risk1_rr1.5_london7-18_atrmin0.0005_edge1,24,0.3333333333333333,0.705474242185085,0.0,50.0,-0.21094044024114184
91,./out/rolling_A_24m_rsi14_bb2.4_atr1.0_risk1_rr1.5_london7-18_atrmin0.0005_edge1.csv,rsi14_bb2.4_atr1.0_risk1_rr1.5_london7-18_atrmin0.0005_edge1,24,0.3333333333333333,0.705474242185085,0.0,50.0,-0.21094044024114184
92,./out/rolling_A_24m_rsi16_bb2.4_atr1.0_risk1_rr1.5_london7-18_atrmin0.0005_edge1.csv,rsi16_bb2.4_atr1.0_risk1_rr1.5_london7-18_atrmin0.0005_edge1,24,0.3333333333333333,0.705474242185085,0.0,50.0,-0.21094044024114184
93,./out/rolling_A_24m_rsi18_bb2.4_atr1.0_risk1_rr1.5_london7-18_atrmin0.0005_edge1.csv,rsi18_bb2.4_atr1.0_risk1_rr1.5_london7-18_atrmin0.0005_edge1,24,0.3333333333333333,0.705474242185085,0.0,50.0,-0.21094044024114184
94,./out/rolling_A_24m_rsi24_bb2.4_atr1.0_risk1_rr1.5_london7-18_atrmin0.0007_edge0.75.csv,rsi24_bb2.4_atr1.0_risk1_rr1.5_london7-18_atrmin0.0007_edge0.75,24,0.3333333333333333,0.6647172913419738,0.0,50.0,-0.24409705645448415
95,./out/rolling_A_24m_rsi12_bb2.4_atr1.0_risk1_rr1.5_london7-18_atrmin0.0007_edge1.csv,rsi12_bb2.4_atr1.0_risk1_rr1.5_london7-18_atrmin0.0007_edge1,24,0.2916666666666667,0.656954723147387,0.0,50.0,-0.1786117049673574
96,./out/rolling_A_24m_rsi14_bb2.4_atr1.0_risk1_rr1.5_london7-18_atrmin0.0007_edge1.csv,rsi14_bb2.4_atr1.0_risk1_rr1.5_london7-18_atrmin0.0007_edge1,24,0.2916666666666667,0.656954723147387,0.0,50.0,-0.1786117049673574
97,./out/rolling_A_24m_rsi16_bb2.4_atr1.0_risk1_rr1.5_london7-18_atrmin0.0007_edge1.csv,rsi16_bb2.4_atr1.0_risk1_rr1.5_london7-18_atrmin0.0007_edge1,24,0.2916666666666667,0.656954723147387,0.0,50.0,-0.1786117049673574
98,./out/rolling_A_24m_rsi18_bb2.4_atr1.0_risk1_rr1.5_london7-18_atrmin0.0007_edge1.csv,rsi18_bb2.4_atr1.0_risk1_rr1.5_london7-18_atrmin0.0007_edge1,24,0.2916666666666667,0.656954723147387,0.0,50.0,-0.1786117049673574
99,./out/rolling_A_24m_rsi24_bb2.4_atr1.0_risk1_rr1.5_london8-17_atrmin0.0005_edge0.75.csv,rsi24_bb2.4_atr1.0_risk1_rr1.5_london8-17_atrmin0.0005_edge0.75,24,0.2916666666666667,0.6377886689833006,0.0,50.0,-0.22866758082544786
100,./out/rolling_A_24m_rsi12_bb2.4_atr1.0_risk1_rr1.5_london7-18_atrmin0.0010_edge0.75.csv,rsi12_bb2.4_atr1.0_risk1_rr1.5_london7-18_atrmin0.0010_edge0.75,24,0.2916666666666667,0.4942810329672542,0.0,50.0,-0.22080632732209832
101,./out/rolling_A_24m_rsi14_bb2.4_atr1.0_risk1_rr1.5_london7-18_atrmin0.0010_edge0.75.csv,rsi14_bb2.4_atr1.0_risk1_rr1.5_london7-18_atrmin0.0010_edge0.75,24,0.2916666666666667,0.4942810329672542,0.0,50.0,-0.22080632732209832
102,./out/rolling_A_24m_rsi12_bb2.4_atr1.0_risk1_rr1.5_london8-17_atrmin0.0005_edge1.csv,rsi12_bb2.4_atr1.0_risk1_rr1.5_london8-17_atrmin0.0005_edge1,24,0.2916666666666667,0.45896082748363,0.0,50.0,-0.15456251323419096
103,./out/rolling_A_24m_rsi14_bb2.4_atr1.0_risk1_rr1.5_london8-17_atrmin0.0005_edge1.csv,rsi14_bb2.4_atr1.0_risk1_rr1.5_london8-17_atrmin0.0005_edge1,24,0.2916666666666667,0.45896082748363,0.0,50.0,-0.15456251323419096
104,./out/rolling_A_24m_rsi16_bb2.4_atr1.0_risk1_rr1.5_london8-17_atrmin0.0005_edge1.csv,rsi16_bb2.4_atr1.0_risk1_rr1.5_london8-17_atrmin0.0005_edge1,24,0.2916666666666667,0.45896082748363,0.0,50.0,-0.15456251323419096
105,./out/rolling_A_24m_rsi18_bb2.4_atr1.0_risk1_rr1.5_london8-17_atrmin0.0005_edge1.csv,rsi18_bb2.4_atr1.0_risk1_rr1.5_london8-17_atrmin0.0005_edge1,24,0.2916666666666667,0.45896082748363,0.0,50.0,-0.15456251323419096
106,./out/rolling_A_24m_rsi12_bb2.4_atr1.0_risk1_rr1.5_london8-17_atrmin0.0007_edge1.csv,rsi12_bb2.4_atr1.0_risk1_rr1.5_london8-17_atrmin0.0007_edge1,24,0.2916666666666667,0.2682229164574162,0.0,50.0,-0.15456251323419096
107,./out/rolling_A_24m_rsi14_bb2.4_atr1.0_risk1_rr1.5_london8-17_atrmin0.0007_edge1.csv,rsi14_bb2.4_atr1.0_risk1_rr1.5_london8-17_atrmin0.0007_edge1,24,0.2916666666666667,0.2682229164574162,0.0,50.0,-0.15456251323419096
108,./out/rolling_A_24m_rsi16_bb2.4_atr1.0_risk1_rr1.5_london8-17_atrmin0.0007_edge1.csv,rsi16_bb2.4_atr1.0_risk1_rr1.5_london8-17_atrmin0.0007_edge1,24,0.2916666666666667,0.2682229164574162,0.0,50.0,-0.15456251323419096
109,./out/rolling_A_24m_rsi18_bb2.4_atr1.0_risk1_rr1.5_london8-17_atrmin0.0007_edge1.csv,rsi18_bb2.4_atr1.0_risk1_rr1.5_london8-17_atrmin0.0007_edge1,24,0.2916666666666667,0.2682229164574162,0.0,50.0,-0.15456251323419096
110,./out/rolling_A_24m_rsi18_bb2.4_atr1.0_risk1_rr1.5_london8-17_atrmin0.0010_edge0.75.csv,rsi18_bb2.4_atr1.0_risk1_rr1.5_london8-17_atrmin0.0010_edge0.75,24,0.25,0.6103694073360959,0.0,50.0,-0.22080632732209832
111,./out/rolling_A_24m_rsi24_bb2.4_atr1.0_risk1_rr1.5_london7-18_atrmin0.0005_edge1.csv,rsi24_bb2.4_atr1.0_risk1_rr1.5_london7-18_atrmin0.0005_edge1,24,0.25,0.5745841888528411,0.0,50.0,-0.15456251323419096
112,./out/rolling_A_24m_rsi12_bb2.4_atr1.0_risk1_rr1.5_london8-17_atrmin0.0010_edge0.75.csv,rsi12_bb2.4_atr1.0_risk1_rr1.5_london8-17_atrmin0.0010_edge0.75,24,0.25,0.4942810329672542,0.0,50.0,-0.22080632732209832
113,./out/rolling_A_24m_rsi14_bb2.4_atr1.0_risk1_rr1.5_london8-17_atrmin0.0010_edge0.75.csv,rsi14_bb2.4_atr1.0_risk1_rr1.5_london8-17_atrmin0.0010_edge0.75,24,0.25,0.4942810329672542,0.0,50.0,-0.22080632732209832
114,./out/rolling_A_24m_rsi16_bb2.4_atr1.0_risk1_rr1.5_london8-17_atrmin0.0010_edge0.75.csv,rsi16_bb2.4_atr1.0_risk1_rr1.5_london8-17_atrmin0.0010_edge0.75,24,0.25,0.4942810329672542,0.0,50.0,-0.22080632732209832
115,./out/rolling_A_24m_rsi24_bb2.4_atr1.0_risk1_rr1.5_london8-17_atrmin0.0010_edge0.75.csv,rsi24_bb2.4_atr1.0_risk1_rr1.5_london8-17_atrmin0.0010_edge0.75,24,0.25,0.4400118532595316,0.0,53.57142857142857,-0.19561481117527085
116,./out/rolling_A_24m_rsi16_bb2.4_atr1.0_risk1_rr1.5_london7-18_atrmin0.0010_edge0.75.csv,rsi16_bb2.4_atr1.0_risk1_rr1.5_london7-18_atrmin0.0010_edge0.75,24,0.25,0.4181975641712552,0.0,50.0,-0.22080632732209832
117,./out/rolling_A_24m_rsi18_bb2.4_atr1.0_risk1_rr1.5_london7-18_atrmin0.0010_edge0.75.csv,rsi18_bb2.4_atr1.0_risk1_rr1.5_london7-18_atrmin0.0010_edge0.75,24,0.25,0.2696542991829673,0.0,50.0,-0.22080632732209832
118,./out/rolling_A_24m_rsi24_bb2.4_atr1.0_risk1_rr1.5_london7-18_atrmin0.0010_edge0.75.csv,rsi24_bb2.4_atr1.0_risk1_rr1.5_london7-18_atrmin0.0010_edge0.75,24,0.25,0.13482714959148365,0.0,50.0,-0.21212301805719197
119,./out/rolling_A_24m_rsi24_bb2.4_atr1.0_risk1_rr1.5_london7-18_atrmin0.0007_edge1.csv,rsi24_bb2.4_atr1.0_risk1_rr1.5_london7-18_atrmin0.0007_edge1,24,0.20833333333333334,0.5554932820019826,0.0,50.0,-0.15456251323419096
120,./out/rolling_A_24m_rsi24_bb2.4_atr1.0_risk1_rr1.5_london8-17_atrmin0.0005_edge1.csv,rsi24_bb2.4_atr1.0_risk1_rr1.5_london8-17_atrmin0.0005_edge1,24,0.20833333333333334,0.3673941814214555,0.0,50.0,-0.12898055113430562
121,./out/rolling_A_24m_rsi24_bb2.4_atr1.0_risk0.5_rr1.5_london8-17_atrmin0.0007_edge0.5.csv,rsi24_bb2.4_atr1.0_risk0.5_rr1.5_london8-17_atrmin0.0007_edge0.5,24,0.20833333333333334,0.2711243002403964,0.0,50.0,-0.5518549457793953
122,./out/rolling_A_24m_rsi24_bb2.4_atr1.0_risk1_rr1.5_london8-17_atrmin0.0007_edge1.csv,rsi24_bb2.4_atr1.0_risk1_rr1.5_london8-17_atrmin0.0007_edge1,24,0.20833333333333334,0.0,0.0,50.0,-0.12898055113430562
123,./out/rolling_A_24m_portA_rsi24_bb2.4_atr1.0_risk0.5_rr1.5_london8-17_atrmin0.0006_edge0.5.csv,portA_rsi24_bb2.4_atr1.0_risk0.5_rr1.5_london8-17_atrmin0.0006_edge0.5,24,0.16666666666666666,0.24126782222226478,0.0,46.42857142857142,-0.561429199649971
124,./out/rolling_A_24m_rsi24_bb2.4_atr1.0_risk0.5_rr1.5_london7-18_atrmin0.0007_edge0.5.csv,rsi24_bb2.4_atr1.0_risk0.5_rr1.5_london7-18_atrmin0.0007_edge0.5,24,0.16666666666666666,0.22266021599491295,0.0,41.42857142857142,-0.6917558764886089
125,./out/rolling_A_24m_portA_rsi24_bb2.4_atr1.0_risk0.5_rr1.5_london7-18_atrmin0.0008_edge0.5.csv,portA_rsi24_bb2.4_atr1.0_risk0.5_rr1.5_london7-18_atrmin0.0008_edge0.5,24,0.16666666666666666,0.2208271316529766,0.0,50.0,-0.5732764694667492
126,./out/rolling_A_24m_portA_rsi24_bb2.4_atr1.0_risk0.5_rr1.5_london8-17_atrmin0.0008_edge0.5.csv,portA_rsi24_bb2.4_atr1.0_risk0.5_rr1.5_london8-17_atrmin0.0008_edge0.5,24,0.16666666666666666,0.0672534301679518,0.0,50.0,-0.45152197350106227
127,./out/rolling_A_24m_rsi12_bb2.4_atr1.0_risk1_rr1.5_london7-18_atrmin0.0010_edge1.csv,rsi12_bb2.4_atr1.0_risk1_rr1.5_london7-18_atrmin0.0010_edge1,24,0.16666666666666666,0.0,0.0,0.0,-0.1326224643670992
128,./out/rolling_A_24m_rsi12_bb2.4_atr1.0_risk1_rr1.5_london8-17_atrmin0.0010_edge1.csv,rsi12_bb2.4_atr1.0_risk1_rr1.5_london8-17_atrmin0.0010_edge1,24,0.16666666666666666,0.0,0.0,25.0,-0.13101890468299454
129,./out/rolling_A_24m_rsi14_bb2.4_atr1.0_risk1_rr1.5_london7-18_atrmin0.0010_edge1.csv,rsi14_bb2.4_atr1.0_risk1_rr1.5_london7-18_atrmin0.0010_edge1,24,0.16666666666666666,0.0,0.0,0.0,-0.1326224643670992
130,./out/rolling_A_24m_rsi14_bb2.4_atr1.0_risk1_rr1.5_london8-17_atrmin0.0010_edge1.csv,rsi14_bb2.4_atr1.0_risk1_rr1.5_london8-17_atrmin0.0010_edge1,24,0.16666666666666666,0.0,0.0,25.0,-0.13101890468299454
131,./out/rolling_A_24m_rsi16_bb2.4_atr1.0_risk1_rr1.5_london7-18_atrmin0.0010_edge1.csv,rsi16_bb2.4_atr1.0_risk1_rr1.5_london7-18_atrmin0.0010_edge1,24,0.16666666666666666,0.0,0.0,0.0,-0.1326224643670992
132,./out/rolling_A_24m_rsi16_bb2.4_atr1.0_risk1_rr1.5_london8-17_atrmin0.0010_edge1.csv,rsi16_bb2.4_atr1.0_risk1_rr1.5_london8-17_atrmin0.0010_edge1,24,0.16666666666666666,0.0,0.0,25.0,-0.13101890468299454
133,./out/rolling_A_24m_rsi18_bb2.4_atr1.0_risk1_rr1.5_london7-18_atrmin0.0010_edge1.csv,rsi18_bb2.4_atr1.0_risk1_rr1.5_london7-18_atrmin0.0010_edge1,24,0.16666666666666666,0.0,0.0,0.0,-0.1326224643670992
134,./out/rolling_A_24m_rsi18_bb2.4_atr1.0_risk1_rr1.5_london8-17_atrmin0.0010_edge1.csv,rsi18_bb2.4_atr1.0_risk1_rr1.5_london8-17_atrmin0.0010_edge1,24,0.16666666666666666,0.0,0.0,25.0,-0.13101890468299454
135,./out/rolling_A_24m_rsi24_bb2.4_atr1.0_risk0.5_rr1.5_london8-17_atrmin0.0007_edge0.6.csv,rsi24_bb2.4_atr1.0_risk0.5_rr1.5_london8-17_atrmin0.0007_edge0.6,24,0.125,0.26582112290159565,0.0,50.0,-0.50298830568975
136,./out/rolling_A_24m_rsi24_bb2.4_atr1.0_risk0.5_rr1.5_london7-18_atrmin0.0010_edge0.5.csv,rsi24_bb2.4_atr1.0_risk0.5_rr1.5_london7-18_atrmin0.0010_edge0.5,24,0.125,0.25185216111706404,0.0,53.57142857142857,-0.4268724558646963
137,./out/rolling_A_24m_portA_rsi24_bb2.4_atr1.0_risk0.5_rr1.5_london8-17_atrmin0.0005_edge0.5.csv,portA_rsi24_bb2.4_atr1.0_risk0.5_rr1.5_london8-17_atrmin0.0005_edge0.5,24,0.125,0.24126782222226478,0.0,46.42857142857142,-0.5623786356838079
138,./out/rolling_A_24m_rsi24_bb2.4_atr1.0_risk0.5_rr1.5_london8-17_atrmin0.0010_edge0.5.csv,rsi24_bb2.4_atr1.0_risk0.5_rr1.5_london8-17_atrmin0.0010_edge0.5,24,0.125,0.2325800219937317,0.0,57.14285714285714,-0.39223474767641203
139,./out/rolling_A_24m_rsi24_bb2.4_atr1.0_risk0.5_rr1.5_london9-18_atrmin0.0007_edge0.6.csv,rsi24_bb2.4_atr1.0_risk0.5_rr1.5_london9-18_atrmin0.0007_edge0.6,24,0.125,0.2325800219937317,0.0,50.0,-0.4268724558646963
140,./out/rolling_A_24m_rsi24_bb2.4_atr1.0_risk0.5_rr1.5_london7-18_atrmin0.0007_edge0.6.csv,rsi24_bb2.4_atr1.0_risk0.5_rr1.5_london7-18_atrmin0.0007_edge0.6,24,0.125,0.2244933003368493,0.0,45.0,-0.5706427687649396
141,./out/rolling_A_24m_rsi24_bb2.4_atr1.0_risk0.5_rr1.5_london8-17_atrmin0.0005_edge0.5.csv,rsi24_bb2.4_atr1.0_risk0.5_rr1.5_london8-17_atrmin0.0005_edge0.5,24,0.125,0.2208271316529766,0.0,42.85714285714285,-0.612483256107782
142,./out/rolling_A_24m_portA_rsi24_bb2.4_atr1.0_risk0.5_rr1.5_london7-18_atrmin0.0006_edge0.5.csv,portA_rsi24_bb2.4_atr1.0_risk0.5_rr1.5_london7-18_atrmin0.0006_edge0.5,24,0.125,0.15862224864483715,0.0,41.42857142857142,-0.6369171743593582
143,./out/rolling_A_24m_portA_rsi24_bb2.4_atr1.0_risk0.5_rr1.5_london8-17_atrmin0.0004_edge0.5.csv,portA_rsi24_bb2.4_atr1.0_risk0.5_rr1.5_london8-17_atrmin0.0004_edge0.5,24,0.125,0.1568349022802997,0.0,42.85714285714285,-0.5966928376055392
144,./out/rolling_A_24m_rsi24_bb2.4_atr1.0_risk0.5_rr1.5_london7-18_atrmin0.0005_edge0.75.csv,rsi24_bb2.4_atr1.0_risk0.5_rr1.5_london7-18_atrmin0.0005_edge0.75,24,0.125,0.11270586439545,0.0,33.035714285714285,-0.5302604372503739
145,./out/rolling_A_24m_portA_rsi24_bb2.4_atr1.0_risk0.5_rr1.5_london8-17_atrmin0.0011_edge0.5.csv,portA_rsi24_bb2.4_atr1.0_risk0.5_rr1.5_london8-17_atrmin0.0011_edge0.5,24,0.125,0.08408234501067424,0.0,46.42857142857142,-0.4268724558646963
146,./out/rolling_A_24m_portA_rsi24_bb2.4_atr1.0_risk0.5_rr1.5_london7-18_atrmin0.0011_edge0.5.csv,portA_rsi24_bb2.4_atr1.0_risk0.5_rr1.5_london7-18_atrmin0.0011_edge0.5,24,0.125,0.0835803899585775,0.0,42.85714285714285,-0.4268724558646963
147,./out/rolling_A_24m_rsi18_bb2.0_atr1.2_risk0.5_rr1.5_london8-17_atrmin0.0005_edge0.5.csv,rsi18_bb2.0_atr1.2_risk0.5_rr1.5_london8-17_atrmin0.0005_edge0.5,24,0.08333333333333333,0.2921073737258959,0.0,36.36363636363637,-1.0159456904712871
148,./out/rolling_A_24m_rsi24_bb2.4_atr1.0_risk0.5_rr1.5_london8-17_atrmin0.0007_edge0.7.csv,rsi24_bb2.4_atr1.0_risk0.5_rr1.5_london8-17_atrmin0.0007_edge0.7,24,0.08333333333333333,0.2462013923281262,0.0,50.0,-0.4086362905193708
149,./out/rolling_A_24m_rsi24_bb2.4_atr1.0_risk0.5_rr1.5_london8-17_atrmin0.0005_edge0.6.csv,rsi24_bb2.4_atr1.0_risk0.5_rr1.5_london8-17_atrmin0.0005_edge0.6,24,0.08333333333333333,0.24032494715774866,0.0,50.0,-0.555422157014912
150,./out/rolling_A_24m_rsi24_bb2.4_atr1.0_risk0.5_rr1.5_london7-18_atrmin0.0010_edge0.6.csv,rsi24_bb2.4_atr1.0_risk0.5_rr1.5_london7-18_atrmin0.0010_edge0.6,24,0.08333333333333333,0.2325800219937317,0.0,50.0,-0.4268724558646963
151,./out/rolling_A_24m_rsi24_bb2.4_atr1.0_risk0.5_rr1.5_london7-19_atrmin0.0010_edge0.6.csv,rsi24_bb2.4_atr1.0_risk0.5_rr1.5_london7-19_atrmin0.0010_edge0.6,24,0.08333333333333333,0.2325800219937317,0.0,50.0,-0.4268724558646963
152,./out/rolling_A_24m_rsi24_bb2.4_atr1.0_risk0.5_rr1.5_london8-17_atrmin0.0010_edge0.6.csv,rsi24_bb2.4_atr1.0_risk0.5_rr1.5_london8-17_atrmin0.0010_edge0.6,24,0.08333333333333333,0.2325800219937317,0.0,50.0,-0.39223474767641203
153,./out/rolling_A_24m_rsi24_bb2.4_atr1.0_risk0.5_rr1.5_london9-18_atrmin0.0010_edge0.6.csv,rsi24_bb2.4_atr1.0_risk0.5_rr1.5_london9-18_atrmin0.0010_edge0.6,24,0.08333333333333333,0.2325800219937317,0.0,50.0,-0.395288576334879
154,./out/rolling_A_24m_portA_rsi24_bb2.4_atr1.0_risk0.5_rr1.5_london8-17_atrmin0.0006_edge0.6.csv,portA_rsi24_bb2.4_atr1.0_risk0.5_rr1.5_london8-17_atrmin0.0006_edge0.6,24,0.08333333333333333,0.2208271316529766,0.0,50.0,-0.481581752607968
155,./out/rolling_A_24m_rsi24_bb2.4_atr1.0_risk0.5_rr1.5_london7-19_atrmin0.0007_edge0.6.csv,rsi24_bb2.4_atr1.0_risk0.5_rr1.5_london7-19_atrmin0.0007_edge0.6,24,0.08333333333333333,0.2208271316529766,0.0,40.0,-0.5706427687649396
156,./out/rolling_A_24m_portA_rsi24_bb2.4_atr1.0_risk0.5_rr1.5_london8-17_atrmin0.0004_edge0.6.csv,portA_rsi24_bb2.4_atr1.0_risk0.5_rr1.5_london8-17_atrmin0.0004_edge0.6,24,0.08333333333333333,0.1767555901182474,0.0,50.0,-0.5340124914360644
157,./out/rolling_A_24m_rsi24_bb2.4_atr1.0_risk0.5_rr1.5_london8-17_atrmin0.0007_edge0.75.csv,rsi24_bb2.4_atr1.0_risk0.5_rr1.5_london8-17_atrmin0.0007_edge0.75,24,0.08333333333333333,0.1743791406808152,0.0,50.0,-0.3323514313321507
158,./out/rolling_A_24m_rsi24_bb2.4_atr1.0_risk0.5_rr1.5_london7-18_atrmin0.0005_edge0.6.csv,rsi24_bb2.4_atr1.0_risk0.5_rr1.5_london7-18_atrmin0.0005_edge0.6,24,0.08333333333333333,0.17180438545027726,0.0,33.33333333333333,-0.6861099469060605
159,./out/rolling_A_24m_portA_rsi24_bb2.4_atr1.0_risk0.5_rr1.5_london7-18_atrmin0.0008_edge0.6.csv,portA_rsi24_bb2.4_atr1.0_risk0.5_rr1.5_london7-18_atrmin0.0008_edge0.6,24,0.08333333333333333,0.1590243745380129,0.0,50.0,-0.45538281939384584
160,./out/rolling_A_24m_portA_rsi24_bb2.4_atr1.0_risk0.5_rr1.5_london7-18_atrmin0.0005_edge0.5.csv,portA_rsi24_bb2.4_atr1.0_risk0.5_rr1.5_london7-18_atrmin0.0005_edge0.5,24,0.08333333333333333,0.15576606892535225,0.0,40.0,-0.7639964167847346
161,./out/rolling_A_24m_portA_rsi24_bb2.4_atr1.0_risk0.5_rr1.5_london7-18_atrmin0.0004_edge0.6.csv,portA_rsi24_bb2.4_atr1.0_risk0.5_rr1.5_london7-18_atrmin0.0004_edge0.6,24,0.08333333333333333,0.14849510331730603,0.0,40.0,-0.6110261497556446
162,./out/rolling_A_24m_rsi24_bb2.4_atr1.0_risk0.5_rr1.5_london7-18_atrmin0.0005_edge0.5.csv,rsi24_bb2.4_atr1.0_risk0.5_rr1.5_london7-18_atrmin0.0005_edge0.5,24,0.08333333333333333,0.1450132198957595,0.0,30.95238095238095,-0.8742213766828044
163,./out/rolling_A_24m_rsi24_bb2.4_atr1.0_risk0.5_rr1.5_london7-18_atrmin0.0007_edge0.7.csv,rsi24_bb2.4_atr1.0_risk0.5_rr1.5_london7-18_atrmin0.0007_edge0.7,24,0.08333333333333333,0.1161782593678987,0.0,41.42857142857142,-0.5161699359348404
164,./out/rolling_A_24m_rsi24_bb2.4_atr1.0_risk0.5_rr1.5_london7-19_atrmin0.0007_edge0.7.csv,rsi24_bb2.4_atr1.0_risk0.5_rr1.5_london7-19_atrmin0.0007_edge0.7,24,0.08333333333333333,0.1161782593678987,0.0,41.42857142857142,-0.5209606533388034
165,./out/rolling_A_24m_rsi24_bb2.4_atr1.0_risk0.5_rr1.5_london8-17_atrmin0.0005_edge0.75.csv,rsi24_bb2.4_atr1.0_risk0.5_rr1.5_london8-17_atrmin0.0005_edge0.75,24,0.08333333333333333,0.1141771028944028,0.0,42.85714285714285,-0.42182298791658135
166,./out/rolling_A_24m_rsi24_bb2.4_atr1.0_risk0.5_rr1.5_london7-18_atrmin0.0005_edge0.7.csv,rsi24_bb2.4_atr1.0_risk0.5_rr1.5_london7-18_atrmin0.0005_edge0.7,24,0.08333333333333333,0.1139484304765737,0.0,35.416666666666664,-0.5434068202066822
167,./out/rolling_A_24m_portA_rsi24_bb2.4_atr1.0_risk0.5_rr1.5_london7-18_atrmin0.0004_edge0.5.csv,portA_rsi24_bb2.4_atr1.0_risk0.5_rr1.5_london7-18_atrmin0.0004_edge0.5,24,0.08333333333333333,0.11097874012693709,0.0,38.75,-0.7697258548339858
168,./out/rolling_A_24m_portA_rsi24_bb2.4_atr1.0_risk0.5_rr1.5_london7-18_atrmin0.0011_edge0.6.csv,portA_rsi24_bb2.4_atr1.0_risk0.5_rr1.5_london7-18_atrmin0.0011_edge0.6,24,0.08333333333333333,0.10760541279157275,0.0,50.0,-0.4268724558646963
169,./out/rolling_A_24m_portA_rsi24_bb2.4_atr1.0_risk0.5_rr1.5_london8-17_atrmin0.0011_edge0.6.csv,portA_rsi24_bb2.4_atr1.0_risk0.5_rr1.5_london8-17_atrmin0.0011_edge0.6,24,0.08333333333333333,0.10760541279157275,0.0,50.0,-0.4268724558646963
170,./out/rolling_A_24m_rsi24_bb2.4_atr1.0_risk0.5_rr1.5_london7-18_atrmin0.0007_edge0.75.csv,rsi24_bb2.4_atr1.0_risk0.5_rr1.5_london7-18_atrmin0.0007_edge0.75,24,0.08333333333333333,0.1062498054178459,0.0,46.42857142857142,-0.38143783731590664
171,./out/rolling_A_24m_portA_rsi24_bb2.4_atr1.0_risk0.5_rr1.5_london8-17_atrmin0.0004_edge0.7.csv,portA_rsi24_bb2.4_atr1.0_risk0.5_rr1.5_london8-17_atrmin0.0004_edge0.7,24,0.08333333333333333,0.10579107773667115,0.0,46.42857142857142,-0.4837005945757311
172,./out/rolling_A_24m_rsi24_bb2.4_atr1.0_risk0.5_rr1.5_london9-18_atrmin0.0007_edge0.7.csv,rsi24_bb2.4_atr1.0_risk0.5_rr1.5_london9-18_atrmin0.0007_edge0.7,24,0.08333333333333333,0.0963213514677931,0.0,60.0,-0.3323528915322282
173,./out/rolling_A_24m_portA_rsi24_bb2.4_atr1.0_risk0.5_rr1.5_london7-18_atrmin0.0004_edge0.7.csv,portA_rsi24_bb2.4_atr1.0_risk0.5_rr1.5_london7-18_atrmin0.0004_edge0.7,24,0.08333333333333333,0.0954038961054436,0.0,38.75,-0.5515052488524963
174,./out/rolling_A_24m_portA_rsi24_bb2.4_atr1.0_risk0.5_rr1.5_london8-17_atrmin0.0008_edge0.6.csv,portA_rsi24_bb2.4_atr1.0_risk0.5_rr1.5_london8-17_atrmin0.0008_edge0.6,24,0.08333333333333333,0.08813334550899946,0.0,50.0,-0.448321774574284
175,./out/rolling_A_24m_rsi24_bb2.4_atr1.0_risk1_rr1.5_london7-18_atrmin0.0010_edge1.csv,rsi24_bb2.4_atr1.0_risk1_rr1.5_london7-18_atrmin0.0010_edge1,24,0.08333333333333333,0.0,0.0,0.0,-0.12789229163804872
176,./out/rolling_A_24m_rsi24_bb2.4_atr1.0_risk1_rr1.5_london8-17_atrmin0.0010_edge1.csv,rsi24_bb2.4_atr1.0_risk1_rr1.5_london8-17_atrmin0.0010_edge1,24,0.08333333333333333,0.0,0.0,25.0,-0.07937005966169305
177,./out/rolling_A_24m_rsi18_bb2.0_atr1.2_risk0.5_rr1.5_london7-18_atrmin0.0005_edge0.5.csv,rsi18_bb2.0_atr1.2_risk0.5_rr1.5_london7-18_atrmin0.0005_edge0.5,24,0.041666666666666664,0.3895983661493537,0.0,37.41258741258741,-1.216549286908969
178,./out/rolling_A_24m_USDJPY_rsi18_bb2.0_atr1.2_risk0.5_rr1.5_london8-17_atrmin0.0005_edge0.5.csv,USDJPY_rsi18_bb2.0_atr1.2_risk0.5_rr1.5_london8-17_atrmin0.0005_edge0.5,24,0.041666666666666664,0.26547118157562144,0.0279387308841162,36.03896103896104,-1.958236256187279
179,./out/rolling_A_24m_rsi18_bb2.0_atr1.2_risk0.5_rr2.0_london7-19_atrmin0.0004_edge0.6.csv,rsi18_bb2.0_atr1.2_risk0.5_rr2.0_london7-19_atrmin0.0004_edge0.6,24,0.041666666666666664,0.238946151950621,0.067405973202667,32.666666666666664,-2.915310976227498
180,./out/rolling_A_24m_rsi18_bb2.0_atr1.2_risk0.5_rr2.0_london7-19_edge0.6.csv,rsi18_bb2.0_atr1.2_risk0.5_rr2.0_london7-19_edge0.6,24,0.041666666666666664,0.22350994351224104,0.0608931330183859,30.151515151515152,-3.0141587126591376
181,./out/rolling_A_24m_rsi20_bb2.2_atr1.0_risk0.5_rr1.5_london8-17_atrmin0.0005_edge0.5.csv,rsi20_bb2.2_atr1.0_risk0.5_rr1.5_london8-17_atrmin0.0005_edge0.5,24,0.041666666666666664,0.1901658597253261,0.0023908289750284,37.5,-1.0380233453085919
182,./out/rolling_A_24m_rsi20_bb2.2_atr1.0_risk0.5_rr1.5_london8-17_atrmin0.0004_edge0.5.csv,rsi20_bb2.2_atr1.0_risk0.5_rr1.5_london8-17_atrmin0.0004_edge0.5,24,0.041666666666666664,0.1723883649509563,0.0021959084335818,30.0,-1.0506418957954955
183,./out/rolling_A_24m_rsi24_bb2.4_atr1.0_risk0.5_rr1.5_london8-17_atrmin0.0005_edge0.7.csv,rsi24_bb2.4_atr1.0_risk0.5_rr1.5_london8-17_atrmin0.0005_edge0.7,24,0.041666666666666664,0.147668130308052,0.0,40.0,-0.4837005945757311
184,./out/rolling_A_24m_portA_rsi24_bb2.4_atr1.0_risk0.5_rr1.5_london7-18_atrmin0.0006_edge0.6.csv,portA_rsi24_bb2.4_atr1.0_risk0.5_rr1.5_london7-18_atrmin0.0006_edge0.6,24,0.041666666666666664,0.1401649617314471,0.0,42.22222222222222,-0.5431919400605278
185,./out/rolling_A_24m_rsi24_bb2.4_atr1.0_risk0.5_rr1.5_london8-17_atrmin0.0010_edge0.7.csv,rsi24_bb2.4_atr1.0_risk0.5_rr1.5_london8-17_atrmin0.0010_edge0.7,24,0.041666666666666664,0.1333833234228197,0.0,60.0,-0.3323528915322282
186,./out/rolling_A_24m_rsi24_bb2.4_atr1.0_risk0.5_rr1.5_london7-18_atrmin0.0007_edge0.8.csv,rsi24_bb2.4_atr1.0_risk0.5_rr1.5_london7-18_atrmin0.0007_edge0.8,24,0.041666666666666664,0.1285507400809797,0.0,50.0,-0.3323461975067943
187,./out/rolling_A_24m_rsi24_bb2.4_atr1.0_risk0.5_rr1.5_london7-19_atrmin0.0007_edge0.8.csv,rsi24_bb2.4_atr1.0_risk0.5_rr1.5_london7-19_atrmin0.0007_edge0.8,24,0.041666666666666664,0.1285507400809797,0.0,45.0,-0.3933143857849763
188,./out/rolling_A_24m_rsi18_bb2.0_atr1.2_risk0.5_rr1.3_london8-17_atrmin0.0005_edge0.5.csv,rsi18_bb2.0_atr1.2_risk0.5_rr1.3_london8-17_atrmin0.0005_edge0.5,24,0.041666666666666664,0.12218100790657505,0.0222630849411762,29.100529100529094,-2.3005835082850368
189,./out/rolling_A_24m_rsi24_bb2.4_atr1.0_risk0.5_rr1.5_london7-19_atrmin0.0010_edge0.7.csv,rsi24_bb2.4_atr1.0_risk0.5_rr1.5_london7-19_atrmin0.0010_edge0.7,24,0.041666666666666664,0.11032656074397315,0.0,50.0,-0.38799560845653164
190,./out/rolling_A_24m_portA_rsi24_bb2.4_atr1.0_risk0.5_rr1.5_london8-17_atrmin0.0006_edge0.7.csv,portA_rsi24_bb2.4_atr1.0_risk0.5_rr1.5_london8-17_atrmin0.0006_edge0.7,24,0.041666666666666664,0.0954038961054436,0.0,50.0,-0.4292704909257816
191,./out/rolling_A_24m_rsi24_bb2.4_atr1.0_risk0.5_rr1.5_london9-18_atrmin0.0010_edge0.7.csv,rsi24_bb2.4_atr1.0_risk0.5_rr1.5_london9-18_atrmin0.0010_edge0.7,24,0.041666666666666664,0.0940033880321879,0.0,60.0,-0.3323528915322282
192,./out/rolling_A_24m_rsi18_bb2.0_atr1.2_risk0.5_rr1.2_london8-17_atrmin0.0005_edge0.5.csv,rsi18_bb2.0_atr1.2_risk0.5_rr1.2_london8-17_atrmin0.0005_edge0.5,24,0.041666666666666664,0.09331825031097171,0.0057182936558176,27.671957671957667,-2.390994748273278
193,./out/rolling_A_24m_rsi24_bb2.4_atr1.0_risk0.5_rr1.5_london8-17_atrmin0.0010_edge0.75.csv,rsi24_bb2.4_atr1.0_risk0.5_rr1.5_london8-17_atrmin0.0010_edge0.75,24,0.041666666666666664,0.09253398486527564,0.0,53.57142857142857,-0.28851185764612874
194,./out/rolling_A_24m_rsi24_bb2.4_atr1.0_risk0.5_rr1.5_london7-18_atrmin0.0010_edge0.7.csv,rsi24_bb2.4_atr1.0_risk0.5_rr1.5_london7-18_atrmin0.0010_edge0.7,24,0.041666666666666664,0.0872697980651266,0.0,53.57142857142857,-0.38799560845653164
195,./out/rolling_A_24m_portA_rsi24_bb2.4_atr1.0_risk0.5_rr1.5_london7-18_atrmin0.0006_edge0.7.csv,portA_rsi24_bb2.4_atr1.0_risk0.5_rr1.5_london7-18_atrmin0.0006_edge0.7,24,0.041666666666666664,0.07617202411127146,0.0,43.75,-0.49476338285305843
196,./out/rolling_A_24m_rsi24_bb2.4_atr1.0_risk0.5_rr1.5_london7-18_atrmin0.0007_edge0.9.csv,rsi24_bb2.4_atr1.0_risk0.5_rr1.5_london7-18_atrmin0.0007_edge0.9,24,0.041666666666666664,0.0516846463077316,0.0,45.0,-0.28914573497207385
197,./out/rolling_A_24m_rsi24_bb2.4_atr1.0_risk0.5_rr1.5_london7-19_atrmin0.0007_edge0.9.csv,rsi24_bb2.4_atr1.0_risk0.5_rr1.5_london7-19_atrmin0.0007_edge0.9,24,0.041666666666666664,0.0516846463077316,0.0,36.666666666666664,-0.3416648044155812
198,./out/rolling_A_24m_portA_rsi24_bb2.4_atr1.0_risk0.5_rr1.5_london7-18_atrmin0.0008_edge0.7.csv,portA_rsi24_bb2.4_atr1.0_risk0.5_rr1.5_london7-18_atrmin0.0008_edge0.7,24,0.041666666666666664,0.0446362553934309,0.0,46.42857142857142,-0.46150340481937446
199,./out/rolling_A_24m_portA_rsi24_bb2.4_atr1.0_risk0.5_rr1.5_london8-17_atrmin0.0008_edge0.7.csv,portA_rsi24_bb2.4_atr1.0_risk0.5_rr1.5_london8-17_atrmin0.0008_edge0.7,24,0.041666666666666664,0.04441738779960405,0.0,53.57142857142857,-0.3801803113167468
200,./out/rolling_A_24m_portA_rsi24_bb2.4_atr1.0_risk0.5_rr1.5_london7-18_atrmin0.0011_edge0.7.csv,portA_rsi24_bb2.4_atr1.0_risk0.5_rr1.5_london7-18_atrmin0.0011_edge0.7,24,0.041666666666666664,0.04179019497928875,0.0,33.33333333333333,-0.37878116854705984
201,./out/rolling_A_24m_portA_rsi24_bb2.4_atr1.0_risk0.5_rr1.5_london8-17_atrmin0.0011_edge0.7.csv,portA_rsi24_bb2.4_atr1.0_risk0.5_rr1.5_london8-17_atrmin0.0011_edge0.7,24,0.041666666666666664,0.04179019497928875,0.0,33.33333333333333,-0.37878116854705984
202,./out/rolling_A_24m_rsi24_bb2.4_atr1.0_risk0.5_rr1.5_london7-18_atrmin0.0010_edge0.75.csv,rsi24_bb2.4_atr1.0_risk0.5_rr1.5_london7-18_atrmin0.0010_edge0.75,24,0.041666666666666664,0.0258423231538658,0.0,50.0,-0.3323514313321507
203,./out/rolling_A_24m_rsi24_bb2.4_atr1.0_risk0.5_rr1.5_london7-18_atrmin0.0013_edge0.6.csv,rsi24_bb2.4_atr1.0_risk0.5_rr1.5_london7-18_atrmin0.0013_edge0.6,24,0.041666666666666664,0.0,0.0,33.33333333333333,-0.2486689143247122
204,./out/rolling_A_24m_rsi24_bb2.4_atr1.0_risk0.5_rr1.5_london7-19_atrmin0.0013_edge0.6.csv,rsi24_bb2.4_atr1.0_risk0.5_rr1.5_london7-19_atrmin0.0013_edge0.6,24,0.041666666666666664,0.0,0.0,16.666666666666664,-0.2486689143247122
205,./out/rolling_A_24m_rsi24_bb2.4_atr1.0_risk0.5_rr1.5_london8-17_atrmin0.0013_edge0.6.csv,rsi24_bb2.4_atr1.0_risk0.5_rr1.5_london8-17_atrmin0.0013_edge0.6,24,0.041666666666666664,0.0,0.0,33.33333333333333,-0.2486689143247122
206,./out/rolling_A_24m_rsi24_bb2.4_atr1.0_risk0.5_rr1.5_london9-18_atrmin0.0013_edge0.6.csv,rsi24_bb2.4_atr1.0_risk0.5_rr1.5_london9-18_atrmin0.0013_edge0.6,24,0.041666666666666664,0.0,0.0,33.33333333333333,-0.2486689143247122
207,./out/rolling_A_24m_BASE30C5_london7-18.csv,BASE30C5_london7-18,24,0.0,0.3792952510437426,0.0886675115344281,31.349206349206355,-2.4708887040717498
208,./out/rolling_A_24m_rsi18_bb2.0_atr1.2_risk0.5_rr2.0_london9-18_atrmin0.0004_edge0.5.csv,rsi18_bb2.0_atr1.2_risk0.5_rr2.0_london9-18_atrmin0.0004_edge0.5,24,0.0,0.312552791081346,0.0667998575583057,35.714285714285715,-1.7602392534727285
209,./out/rolling_A_24m_rsi18_bb2.0_atr1.2_risk0.5_rr2.0_london9-18_edge0.5.csv,rsi18_bb2.0_atr1.2_risk0.5_rr2.0_london9-18_edge0.5,24,0.0,0.312552791081346,0.0667998575583057,35.04464285714286,-1.7602392534727285
210,./out/rolling_A_24m_rsi18_bb2.0_atr1.2_risk0.5_rr1.8_london9-18_atrmin0.0004_edge0.5.csv,rsi18_bb2.0_atr1.2_risk0.5_rr1.8_london9-18_atrmin0.0004_edge0.5,24,0.0,0.30012639638553,0.0528408739398098,38.75,-1.7808649953277578
211,./out/rolling_A_24m_rsi18_bb2.0_atr1.2_risk0.5_rr1.8_london9-18_edge0.5.csv,rsi18_bb2.0_atr1.2_risk0.5_rr1.8_london9-18_edge0.5,24,0.0,0.30012639638553,0.0528408739398098,37.26851851851852,-1.826821835192305
212,./out/rolling_A_24m_rsi18_bb1.8_atr1.2_risk1.csv,rsi18_bb1.8_atr1.2_risk1,24,0.0,0.29596915826846865,0.1398369550078748,26.816479400749063,-8.136300073863683
213,./out/rolling_A_24m_rsi14_bb2.0_atr1.2_risk1.csv,rsi14_bb2.0_atr1.2_risk1,24,0.0,0.28851306055698095,0.1293491319432446,25.68681318681319,-8.54343982000239
214,./out/rolling_A_24m_rsi18_bb2.0_atr1.2_risk0.5_rr2.0_london9-18_atrmin0.0004_edge0.6.csv,rsi18_bb2.0_atr1.2_risk0.5_rr2.0_london9-18_atrmin0.0004_edge0.6,24,0.0,0.288400298526022,0.0719353128404342,34.166666666666664,-1.622630250416518
215,./out/rolling_A_24m_rsi18_bb2.0_atr1.2_risk0.5_rr2.0_london9-18_edge0.6.csv,rsi18_bb2.0_atr1.2_risk0.5_rr2.0_london9-18_edge0.6,24,0.0,0.288400298526022,0.0719353128404342,34.166666666666664,-1.622630250416518
216,./out/rolling_A_24m_rsi18_bb2.0_atr1.2_risk0.5_rr2.0_london8-17_atrmin0.0004_edge0.6.csv,rsi18_bb2.0_atr1.2_risk0.5_rr2.0_london8-17_atrmin0.0004_edge0.6,24,0.0,0.26614655036604884,0.0546578650206758,34.31372549019608,-2.0804454621473734
217,./out/rolling_A_24m_rsi18_bb2.0_atr1.2_risk0.5_rr2.0_london8-17_atrmin0.0004_edge0.5.csv,rsi18_bb2.0_atr1.2_risk0.5_rr2.0_london8-17_atrmin0.0004_edge0.5,24,0.0,0.26541475905122414,0.0716760292506202,32.73809523809524,-2.4270356316531183
218,./out/rolling_A_24m_rsi18_bb2.0_atr1.2_risk0.5_rr2.0_london8-17_edge0.6.csv,rsi18_bb2.0_atr1.2_risk0.5_rr2.0_london8-17_edge0.6,24,0.0,0.26475200416827865,0.0546578650206758,33.33333333333333,-2.0867594006216574
219,./out/rolling_A_24m_rsi18_bb2.0_atr1.2_risk0.5_rr2.0_london8-17_edge0.5.csv,rsi18_bb2.0_atr1.2_risk0.5_rr2.0_london8-17_edge0.5,24,0.0,0.2640821195093668,0.0716760292506202,32.142857142857146,-2.4874794159467197
220,./out/rolling_A_24m_rsi18_bb2.0_atr1.2_risk0.5_rr1.8_london9-18_atrmin0.0004_edge0.6.csv,rsi18_bb2.0_atr1.2_risk0.5_rr1.8_london9-18_atrmin0.0004_edge0.6,24,0.0,0.2597894625547721,0.0649719620787518,37.98076923076923,-1.611725378040679
221,./out/rolling_A_24m_rsi18_bb2.0_atr1.2_risk0.5_rr1.8_london9-18_edge0.6.csv,rsi18_bb2.0_atr1.2_risk0.5_rr1.8_london9-18_edge0.6,24,0.0,0.2597894625547721,0.0649719620787518,37.98076923076923,-1.6269545501912452
222,./out/rolling_A_24m_rsi18_bb2.0_atr1.2_risk0.5_rr1.5_london9-18_edge0.5.csv,rsi18_bb2.0_atr1.2_risk0.5_rr1.5_london9-18_edge0.5,24,0.0,0.2427327280214362,0.0295482429714028,38.88888888888889,-1.3594149936912325
223,./out/rolling_A_24m_rsi18_bb2.0_atr1.2_risk0.5_rr1.8_london8-17_atrmin0.0004_edge0.6.csv,rsi18_bb2.0_atr1.2_risk0.5_rr1.8_london8-17_atrmin0.0004_edge0.6,24,0.0,0.2410875918865706,0.032372257684232,34.0,-2.1696597995457645
224,./out/rolling_A_24m_rsi18_bb2.0_atr1.2_risk0.5_rr1.8_london8-17_edge0.6.csv,rsi18_bb2.0_atr1.2_risk0.5_rr1.8_london8-17_edge0.6,24,0.0,0.2376995043760837,0.032372257684232,34.0,-2.2062724302507886
225,./out/rolling_A_24m_rsi18_bb2.0_atr1.2_risk0.5_rr2.0_london7-18_atrmin0.0004_edge0.6.csv,rsi18_bb2.0_atr1.2_risk0.5_rr2.0_london7-18_atrmin0.0004_edge0.6,24,0.0,0.23081629154697164,0.067405973202667,32.07142857142857,-2.654057175467617
226,./out/rolling_A_24m_rsi18_bb2.0_atr1.2_risk0.5_rr2.0_london7-19_atrmin0.0004_edge0.5.csv,rsi18_bb2.0_atr1.2_risk0.5_rr2.0_london7-19_atrmin0.0004_edge0.5,24,0.0,0.22890754550786035,0.0608592233157019,32.03947368421053,-3.2287701318595263
227,./out/rolling_A_24m_rsi18_bb2.0_atr1.2_risk0.5_rr1.8_london8-17_atrmin0.0004_edge0.5.csv,rsi18_bb2.0_atr1.2_risk0.5_rr1.8_london8-17_atrmin0.0004_edge0.5,24,0.0,0.2285861390447633,0.0556198489332434,35.714285714285715,-2.4246904465133334
228,./out/rolling_A_24m_rsi18_bb2.0_atr1.2_risk0.5_rr1.8_london8-17_edge0.5.csv,rsi18_bb2.0_atr1.2_risk0.5_rr1.8_london8-17_edge0.5,24,0.0,0.2285861390447633,0.0556198489332434,35.09852216748769,-2.525017078843322
229,./out/rolling_A_24m_rsi18_bb2.0_atr1.2_risk0.5_rr2.0_london7-18_atrmin0.0004_edge0.5.csv,rsi18_bb2.0_atr1.2_risk0.5_rr2.0_london7-18_atrmin0.0004_edge0.5,24,0.0,0.226287152010185,0.0608592233157019,32.432432432432435,-3.0260579829981484
230,./out/rolling_A_24m_rsi18_bb2.0_atr1.2_risk0.5_rr1.5_london9-18_edge0.55.csv,rsi18_bb2.0_atr1.2_risk0.5_rr1.5_london9-18_edge0.55,24,0.0,0.2226283075556746,0.0282777996228333,37.5,-1.2639891203887144
231,./out/rolling_A_24m_rsi18_bb2.0_atr1.2_risk0.5_rr1.5_london9-18_edge0.45.csv,rsi18_bb2.0_atr1.2_risk0.5_rr1.5_london9-18_edge0.45,24,0.0,0.2223023610194662,0.0279253825481977,38.46153846153847,-1.597320829754073
232,./out/rolling_A_24m_USDJPY_rsi18_bb2.0_atr1.2_risk0.5_rr1.5_london7-18_atrmin0.0005_edge0.5.csv,USDJPY_rsi18_bb2.0_atr1.2_risk0.5_rr1.5_london7-18_atrmin0.0005_edge0.5,24,0.0,0.22197332332190012,0.040971233441331,33.33333333333333,-2.4659719012126993
233,./out/rolling_A_24m_rsi18_bb2.0_atr1.2_risk0.5_rr2.0_london7-18_edge0.5.csv,rsi18_bb2.0_atr1.2_risk0.5_rr2.0_london7-18_edge0.5,24,0.0,0.21838959331180235,0.0608592233157019,31.493993993993996,-3.573721923154494
234,./out/rolling_A_24m_rsi18_bb2.0_atr1.2_risk0.5_rr2.0_london7-19_edge0.5.csv,rsi18_bb2.0_atr1.2_risk0.5_rr2.0_london7-19_edge0.5,24,0.0,0.2179273068292621,0.0608592233157019,31.067251461988306,-3.688328790481021
235,./out/rolling_A_24m_rsi18_bb2.0_atr1.2_risk0.5_rr1.8_london7-19_atrmin0.0004_edge0.6.csv,rsi18_bb2.0_atr1.2_risk0.5_rr1.8_london7-19_atrmin0.0004_edge0.6,24,0.0,0.21289508570319554,0.0468033954836726,33.33333333333333,-2.9562185539956265
236,./out/rolling_A_24m_rsi18_bb2.0_atr1.2_risk0.5_rr1.5_atrmin0.0006_edge0.5.csv,rsi18_bb2.0_atr1.2_risk0.5_rr1.5_atrmin0.0006_edge0.5,24,0.0,0.21057800766833362,0.0,39.141414141414145,-2.441833291066575
237,./out/rolling_A_24m_rsi18_bb2.0_atr1.2_risk0.5_rr2.0_london7-18_edge0.6.csv,rsi18_bb2.0_atr1.2_risk0.5_rr2.0_london7-18_edge0.6,24,0.0,0.2088247352366999,0.0608931330183859,30.151515151515152,-2.9650668609005004
238,./out/rolling_A_24m_rsi18_bb2.0_atr1.2_risk0.5_rr1.8_london7-18_atrmin0.0004_edge0.6.csv,rsi18_bb2.0_atr1.2_risk0.5_rr1.8_london7-18_atrmin0.0004_edge0.6,24,0.0,0.207446271836566,0.0468033954836726,32.73809523809524,-2.70504460348554
239,./out/rolling_A_24m_rsi18_bb2.0_atr1.2_risk0.5_rr1.5_atrmin0.0006_edge0.6.csv,rsi18_bb2.0_atr1.2_risk0.5_rr1.5_atrmin0.0006_edge0.6,24,0.0,0.20382181193416454,0.0,42.356321839080465,-1.997339179201679
240,./out/rolling_A_24m_rsi18_bb2.0_atr1.2_risk0.5_rr1.5_atrmin0.0006_edge0.4.csv,rsi18_bb2.0_atr1.2_risk0.5_rr1.5_atrmin0.0006_edge0.4,24,0.0,0.20096564172496856,0.0,38.315217391304344,-2.7001908897789417
241,./out/rolling_A_24m_USDCHF_rsi18_bb2.0_atr1.2_risk0.5_rr1.5_london8-17_atrmin0.0004_edge0.5.csv,USDCHF_rsi18_bb2.0_atr1.2_risk0.5_rr1.5_london8-17_atrmin0.0004_edge0.5,24,0.0,0.19996164254873255,0.0,32.45614035087719,-2.0754133527906227
242,./out/rolling_A_24m_G2_rsi18_bb2.0_atr1.2_risk0.5_rr1.5_london8-17_atrmin0.0005_edge0.5.csv,G2_rsi18_bb2.0_atr1.2_risk0.5_rr1.5_london8-17_atrmin0.0005_edge0.5,24,0.0,0.19567719772816883,0.0,36.03896103896104,-1.7327442149162597
243,./out/rolling_A_24m_rsi20_bb2.2_atr1.0_risk0.5_rr1.5_london8-17_atrmin0.0005_edge0.55.csv,rsi20_bb2.2_atr1.0_risk0.5_rr1.5_london8-17_atrmin0.0005_edge0.55,24,0.0,0.1928788771909505,0.002807740153652,36.36363636363637,-0.9859061200545416
244,./out/rolling_A_24m_rsi20_bb2.2_atr1.0_risk0.5_rr1.5_london8-17_atrmin0.0004_edge0.55.csv,rsi20_bb2.2_atr1.0_risk0.5_rr1.5_london8-17_atrmin0.0004_edge0.55,24,0.0,0.1928788771909505,0.0025426805270316,30.0,-0.9929182254695634
245,./out/rolling_A_24m_GBPUSD_rsi18_bb2.0_atr1.2_risk0.5_rr1.5_london8-17_atrmin0.0005_edge0.5.csv,GBPUSD_rsi18_bb2.0_atr1.2_risk0.5_rr1.5_london8-17_atrmin0.0005_edge0.5,24,0.0,0.1924003308661325,0.0236447007476397,37.86549707602339,-1.6105557601109157
246,./out/rolling_A_24m_rsi18_bb2.0_atr1.2_risk0.5_rr1.4_london12-17_atrmin0.0005_edge0.5.csv,rsi18_bb2.0_atr1.2_risk0.5_rr1.4_london12-17_atrmin0.0005_edge0.5,24,0.0,0.1898457382160662,0.0339321701974621,39.565217391304344,-1.7936016215266193
247,./out/rolling_A_24m_rsi18_bb2.0_atr1.2_risk0.5_rr1.8_london7-18_edge0.6.csv,rsi18_bb2.0_atr1.2_risk0.5_rr1.8_london7-18_edge0.6,24,0.0,0.18781594397639195,0.0421309353528845,31.151515151515152,-2.901554095525316
248,./out/rolling_A_24m_rsi18_bb2.0_atr1.2_risk0.5_rr1.8_london7-19_edge0.6.csv,rsi18_bb2.0_atr1.2_risk0.5_rr1.8_london7-19_edge0.6,24,0.0,0.18781594397639195,0.0421309353528845,31.151515151515152,-3.0909165333352693
249,./out/rolling_A_24m_rsi18_bb2.0_atr1.2_risk0.5_rr1.8_london7-18_atrmin0.0004_edge0.5.csv,rsi18_bb2.0_atr1.2_risk0.5_rr1.8_london7-18_atrmin0.0004_edge0.5,24,0.0,0.18733235964694178,0.0472261206766637,32.57575757575757,-3.1536874668768142
250,./out/rolling_A_24m_rsi18_bb2.0_atr1.2_risk0.5_rr1.8_london7-19_atrmin0.0004_edge0.5.csv,rsi18_bb2.0_atr1.2_risk0.5_rr1.8_london7-19_atrmin0.0004_edge0.5,24,0.0,0.18733235964694178,0.0472261206766637,33.33333333333333,-3.338237965410479
251,./out/rolling_A_24m_rsi18_bb2.0_atr1.2_risk0.5_rr2.0.csv,rsi18_bb2.0_atr1.2_risk0.5_rr2.0,24,0.0,0.18286004027679698,0.0460957619969891,26.659251019651464,-9.19770593757578
252,./out/rolling_A_24m_rsi18_bb2.0_atr1.2_risk0.5_rr1.8_london7-19_edge0.5.csv,rsi18_bb2.0_atr1.2_risk0.5_rr1.8_london7-19_edge0.5,24,0.0,0.182369506646276,0.0472261206766637,32.05128205128205,-3.726846348676022
253,./out/rolling_A_24m_rsi18_bb2.0_atr1.2_risk0.5_rr1.8_london7-18_edge0.5.csv,rsi18_bb2.0_atr1.2_risk0.5_rr1.8_london7-18_edge0.5,24,0.0,0.18211888625548844,0.0472261206766637,31.293706293706293,-3.7187034854229917
254,./out/rolling_A_24m_G2_rsi18_bb2.0_atr1.2_risk0.5_rr1.5_london7-18_atrmin0.0005_edge0.5.csv,G2_rsi18_bb2.0_atr1.2_risk0.5_rr1.5_london7-18_atrmin0.0005_edge0.5,24,0.0,0.17974348795574435,0.0,33.33333333333333,-2.166899244195619
255,./out/rolling_A_24m_rsi16_bb2.0_atr1.2_risk0.5_rr1.5_london8-17_atrmin0.0005_edge0.45.csv,rsi16_bb2.0_atr1.2_risk0.5_rr1.5_london8-17_atrmin0.0005_edge0.45,24,0.0,0.1790049915989575,0.035400556387141,33.33333333333333,-2.1041151737272945
256,./out/rolling_A_24m_rsi18_bb2.0_atr1.2_risk0.5_rr1.5_atrmin0.0005_edge0.5.csv,rsi18_bb2.0_atr1.2_risk0.5_rr1.5_atrmin0.0005_edge0.5,24,0.0,0.17521864809951704,0.0,32.10526315789474,-2.863469638832705
257,./out/rolling_A_24m_rsi18_bb2.0_atr1.2_risk0.5_rr1.5_atrmin0.0005_edge0.6.csv,rsi18_bb2.0_atr1.2_risk0.5_rr1.5_atrmin0.0005_edge0.6,24,0.0,0.17359700211995704,0.0,35.92375366568915,-2.4033649103607893
258,./out/rolling_A_24m_rsi16_bb2.0_atr1.2_risk0.5_rr1.5_london7-18_atrmin0.0005_edge0.45.csv,rsi16_bb2.0_atr1.2_risk0.5_rr1.5_london7-18_atrmin0.0005_edge0.45,24,0.0,0.1730186618659331,0.035400556387141,32.291666666666664,-2.5536876592479776
259,./out/rolling_A_24m_rsi16_bb2.0_atr1.2_risk0.5_rr1.5_london8-17_atrmin0.0005_edge0.5.csv,rsi16_bb2.0_atr1.2_risk0.5_rr1.5_london8-17_atrmin0.0005_edge0.5,24,0.0,0.1729681824145448,0.0375782814142006,33.33333333333333,-2.010142418260508
260,./out/rolling_A_24m_rsi16_bb2.0_atr1.2_risk0.5_rr1.5_london8-17_atrmin0.0005_edge0.55.csv,rsi16_bb2.0_atr1.2_risk0.5_rr1.5_london8-17_atrmin0.0005_edge0.55,24,0.0,0.17063734408083658,0.0277017367153235,34.05797101449275,-1.917851781912566
261,./out/rolling_A_24m_rsi18_bb1.8_atr1.2_risk0.5_rr1.5_london8-17_atrmin0.0005_edge0.55.csv,rsi18_bb1.8_atr1.2_risk0.5_rr1.5_london8-17_atrmin0.0005_edge0.55,24,0.0,0.1697647169320567,0.0,32.05128205128205,-2.2223776412683693
262,./out/rolling_A_24m_rsi16_bb2.0_atr1.2_risk0.5_rr1.5_london7-18_atrmin0.0005_edge0.5.csv,rsi16_bb2.0_atr1.2_risk0.5_rr1.5_london7-18_atrmin0.0005_edge0.5,24,0.0,0.16733711400532714,0.0375782814142006,33.33333333333333,-2.47811484181858
263,./out/rolling_A_24m_rsi18_bb1.8_atr1.2_risk0.5_rr1.5_london7-18_atrmin0.0005_edge0.55.csv,rsi18_bb1.8_atr1.2_risk0.5_rr1.5_london7-18_atrmin0.0005_edge0.55,24,0.0,0.16720679122274834,0.0,32.57575757575757,-2.788058036504315
264,./out/rolling_A_24m_rsi18_bb2.0_atr1.2_risk0.5_rr1.5_atrmin0.0005_edge0.4.csv,rsi18_bb2.0_atr1.2_risk0.5_rr1.5_atrmin0.0005_edge0.4,24,0.0,0.1672016577116009,0.0,33.42192691029901,-3.312847397623359
265,./out/rolling_A_24m_rsi16_bb2.0_atr1.2_risk0.5_rr1.5_london8-17_atrmin0.0004_edge0.55.csv,rsi16_bb2.0_atr1.2_risk0.5_rr1.5_london8-17_atrmin0.0004_edge0.55,24,0.0,0.16547314523298878,0.0216513758452076,32.666666666666664,-2.0286650753920608
266,./out/rolling_A_24m_rsi18_bb2.0_atr1.2_risk0.5_rr1.5_london8-17_edge0.55.csv,rsi18_bb2.0_atr1.2_risk0.5_rr1.5_london8-17_edge0.55,24,0.0,0.16527200593890434,0.0,33.33333333333333,-1.7406963621221294
267,./out/rolling_A_24m_rsi18_bb2.0_atr1.2_risk0.5_rr1.5_london8-17_edge0.5.csv,rsi18_bb2.0_atr1.2_risk0.5_rr1.5_london8-17_edge0.5,24,0.0,0.16459267611421202,0.0,32.57575757575757,-1.8718682457631086
268,./out/rolling_A_24m_USDCHF_rsi18_bb2.0_atr1.2_risk0.5_rr1.5_london7-18_atrmin0.0004_edge0.5.csv,USDCHF_rsi18_bb2.0_atr1.2_risk0.5_rr1.5_london7-18_atrmin0.0004_edge0.5,24,0.0,0.16429033481836458,0.0,28.57142857142857,-2.411772090824982
269,./out/rolling_A_24m_rsi16_bb2.0_atr1.2_risk0.5_rr1.5_london7-18_atrmin0.0005_edge0.55.csv,rsi16_bb2.0_atr1.2_risk0.5_rr1.5_london7-18_atrmin0.0005_edge0.55,24,0.0,0.16411460089543994,0.0374937106811193,33.33333333333333,-2.438306601897583
270,./out/rolling_A_24m_rsi18_bb1.8_atr1.2_risk0.5_rr1.5_london8-17_atrmin0.0005_edge0.5.csv,rsi18_bb1.8_atr1.2_risk0.5_rr1.5_london8-17_atrmin0.0005_edge0.5,24,0.0,0.15899527137686245,0.0,30.95238095238095,-2.344903834249684
271,./out/rolling_A_24m_rsi16_bb2.0_atr1.2_risk0.5_rr1.5_london8-17_atrmin0.0004_edge0.5.csv,rsi16_bb2.0_atr1.2_risk0.5_rr1.5_london8-17_atrmin0.0004_edge0.5,24,0.0,0.1583782877957148,0.0318284013255033,32.666666666666664,-2.058415322459323
272,./out/rolling_A_24m_rsi18_bb1.8_atr1.2_risk0.5_rr1.5_london7-18_atrmin0.0005_edge0.5.csv,rsi18_bb1.8_atr1.2_risk0.5_rr1.5_london7-18_atrmin0.0005_edge0.5,24,0.0,0.1580115932608087,0.0,31.426332288401255,-2.9751604480760143
273,./out/rolling_A_24m_rsi20_bb2.2_atr1.0_risk0.5_rr1.5_london8-17_atrmin0.0005_edge0.45.csv,rsi20_bb2.2_atr1.0_risk0.5_rr1.5_london8-17_atrmin0.0005_edge0.45,24,0.0,0.157358293541381,0.0023908289750284,33.33333333333333,-1.1166398689243962
274,./out/rolling_A_24m_rsi20_bb2.2_atr1.0_risk0.5_rr1.5_london8-17_atrmin0.0004_edge0.45.csv,rsi20_bb2.2_atr1.0_risk0.5_rr1.5_london8-17_atrmin0.0004_edge0.45,24,0.0,0.157358293541381,0.0019314707989315,25.0,-1.2200058020479465
275,./out/rolling_A_24m_GBPUSD_rsi18_bb2.0_atr1.2_risk0.5_rr1.5_london7-18_atrmin0.0005_edge0.5.csv,GBPUSD_rsi18_bb2.0_atr1.2_risk0.5_rr1.5_london7-18_atrmin0.0005_edge0.5,24,0.0,0.15689847307144378,0.0191171567299442,29.0994623655914,-2.1944390011323978
276,./out/rolling_A_24m_rsi18_bb2.0_atr1.1_risk0.5_rr1.5_london8-17_atrmin0.0005_edge0.5.csv,rsi18_bb2.0_atr1.1_risk0.5_rr1.5_london8-17_atrmin0.0005_edge0.5,24,0.0,0.1528852040097604,0.0,34.166666666666664,-1.9070011878694726
277,./out/rolling_A_24m_rsi18_bb1.8_atr1.2_risk0.5_rr1.5_london7-18_atrmin0.0005_edge0.45.csv,rsi18_bb1.8_atr1.2_risk0.5_rr1.5_london7-18_atrmin0.0005_edge0.45,24,0.0,0.15239705196945547,0.0,30.0625,-2.954770555755104
278,./out/rolling_A_24m_rsi18_bb1.8_atr1.2_risk0.5_rr1.5_london8-17_atrmin0.0005_edge0.45.csv,rsi18_bb1.8_atr1.2_risk0.5_rr1.5_london8-17_atrmin0.0005_edge0.45,24,0.0,0.14979503995878074,0.0,30.128205128205124,-2.407031898459139
279,./out/rolling_A_24m_rsi16_bb2.0_atr1.2_risk0.5_rr1.5_london8-17_atrmin0.0004_edge0.45.csv,rsi16_bb2.0_atr1.2_risk0.5_rr1.5_london8-17_atrmin0.0004_edge0.45,24,0.0,0.14919907935083365,0.0302521443227928,31.909090909090907,-2.1927243386218267
280,./out/rolling_A_24m_rsi18_bb2.0_atr1.2_risk0.5_rr1.8.csv,rsi18_bb2.0_atr1.2_risk0.5_rr1.8,24,0.0,0.14822357566365224,0.029713772730375,25.12069343866579,-9.54805748976738
281,./out/rolling_A_24m_rsi18_bb1.8_atr1.2_risk0.5_rr1.5_london8-17_atrmin0.0004_edge0.55.csv,rsi18_bb1.8_atr1.2_risk0.5_rr1.5_london8-17_atrmin0.0004_edge0.55,24,0.0,0.1474493996866364,0.0,29.96794871794872,-2.400223690981157
282,./out/rolling_A_24m_rsi18_bb2.0_atr1.2_risk0.5_rr1.5_london8-17_edge0.45.csv,rsi18_bb2.0_atr1.2_risk0.5_rr1.5_london8-17_edge0.45,24,0.0,0.14673694762142392,0.0,30.602006688963215,-2.025575280165487
283,./out/rolling_A_24m_rsi18_bb2.0_atr1.1_risk0.5_rr1.5_london8-17_atrmin0.0005_edge0.55.csv,rsi18_bb2.0_atr1.1_risk0.5_rr1.5_london8-17_atrmin0.0005_edge0.55,24,0.0,0.14467779874404824,0.0,36.18181818181819,-1.7208945447046653
284,./out/rolling_A_24m_rsi18_bb2.0_atr1.2_risk0.5_rr1.5_london7-19_edge0.55.csv,rsi18_bb2.0_atr1.2_risk0.5_rr1.5_london7-19_edge0.55,24,0.0,0.14290970263652797,0.0,24.867724867724867,-2.5742498819990303
285,./out/rolling_A_24m_rsi18_bb2.0_atr1.1_risk0.5_rr1.5_london8-17_atrmin0.0005_edge0.45.csv,rsi18_bb2.0_atr1.1_risk0.5_rr1.5_london8-17_atrmin0.0005_edge0.45,24,0.0,0.142503812201893,0.0,33.03085299455535,-2.035711009134306
286,./out/rolling_A_24m_rsi18_bb2.0_atr1.1_risk0.5_rr1.5_london7-18_atrmin0.0005_edge0.5.csv,rsi18_bb2.0_atr1.1_risk0.5_rr1.5_london7-18_atrmin0.0005_edge0.5,24,0.0,0.1423913343014791,0.0,30.09049773755656,-2.3873556123448267
287,./out/rolling_A_24m_rsi16_bb2.0_atr1.2_risk0.5_rr1.5_london7-18_atrmin0.0004_edge0.5.csv,rsi16_bb2.0_atr1.2_risk0.5_rr1.5_london7-18_atrmin0.0004_edge0.5,24,0.0,0.14133687921739155,0.0308932311285318,29.08653846153846,-2.8174019833931476
288,./out/rolling_A_24m_rsi18_bb2.0_atr1.1_risk0.5_rr1.5_london8-17_atrmin0.0004_edge0.5.csv,rsi18_bb2.0_atr1.1_risk0.5_rr1.5_london8-17_atrmin0.0004_edge0.5,24,0.0,0.13954407206024916,0.0,30.384615384615387,-1.9526162111023926
289,./out/rolling_A_24m_rsi18_bb2.0_atr1.2_risk0.5_rr1.5_london7-19_edge0.5.csv,rsi18_bb2.0_atr1.2_risk0.5_rr1.5_london7-19_edge0.5,24,0.0,0.13922925926296964,0.0,25.543478260869563,-2.699095574518573
290,./out/rolling_A_24m_rsi20_bb2.2_atr1.0_risk0.5_rr1.5_london7-18_atrmin0.0005_edge0.5.csv,rsi20_bb2.2_atr1.0_risk0.5_rr1.5_london7-18_atrmin0.0005_edge0.5,24,0.0,0.1391145851813984,0.0,31.009615384615387,-1.4551241820900507
291,./out/rolling_A_24m_rsi20_bb2.2_atr1.0_risk0.5_rr1.5_london7-18_atrmin0.0005_edge0.55.csv,rsi20_bb2.2_atr1.0_risk0.5_rr1.5_london7-18_atrmin0.0005_edge0.55,24,0.0,0.1391145851813984,0.0,30.0,-1.4451881830442215
292,./out/rolling_A_24m_rsi18_bb2.0_atr1.2_risk0.5_rr1.5_london7-18_edge0.55.csv,rsi18_bb2.0_atr1.2_risk0.5_rr1.5_london7-18_edge0.55,24,0.0,0.1388416506658807,0.0,24.867724867724867,-2.4450675845084318
293,./out/rolling_A_24m_rsi18_bb2.0_atr1.2_risk0.5_rr1.5_london7-18_edge0.5.csv,rsi18_bb2.0_atr1.2_risk0.5_rr1.5_london7-18_edge0.5,24,0.0,0.13743344328242163,0.0,25.543478260869563,-2.5460764662444904
294,./out/rolling_A_24m_rsi18_bb2.0_atr1.2_risk0.5_rr1.4_london8-17_atrmin0.0005_edge0.5.csv,rsi18_bb2.0_atr1.2_risk0.5_rr1.4_london8-17_atrmin0.0005_edge0.5,24,0.0,0.13715745705146806,0.0307230748821935,31.623376623376622,-2.4218526929387307
295,./out/rolling_A_24m_rsi16_bb2.0_atr1.2_risk0.5_rr1.5_london7-18_atrmin0.0004_edge0.55.csv,rsi16_bb2.0_atr1.2_risk0.5_rr1.5_london7-18_atrmin0.0004_edge0.55,24,0.0,0.1369166362102172,0.0289658222414479,27.333333333333336,-2.621337403995766
296,./out/rolling_A_24m_rsi18_bb2.0_atr1.1_risk0.5_rr1.5_london8-17_atrmin0.0004_edge0.55.csv,rsi18_bb2.0_atr1.1_risk0.5_rr1.5_london8-17_atrmin0.0004_edge0.55,24,0.0,0.13506822170847166,0.0,33.33333333333333,-1.8442415327879491
297,./out/rolling_A_24m_rsi18_bb2.0_atr1.1_risk0.5_rr1.5_london7-18_atrmin0.0005_edge0.45.csv,rsi18_bb2.0_atr1.1_risk0.5_rr1.5_london7-18_atrmin0.0005_edge0.45,24,0.0,0.134628679278753,0.0,30.384615384615387,-2.4327419698107313
298,./out/rolling_A_24m_G1_rsi18_bb2.0_atr1.2_risk0.5_rr1.5_london8-17_atrmin0.0005_edge0.5.csv,G1_rsi18_bb2.0_atr1.2_risk0.5_rr1.5_london8-17_atrmin0.0005_edge0.5,24,0.0,0.1343722172037318,0.0,29.67032967032967,-1.4846486709783226
299,./out/rolling_A_24m_rsi18_bb1.8_atr1.2_risk0.5_rr1.5_london7-18_atrmin0.0004_edge0.55.csv,rsi18_bb1.8_atr1.2_risk0.5_rr1.5_london7-18_atrmin0.0004_edge0.55,24,0.0,0.13351202687199595,0.0,25.462962962962962,-3.04447091942695
300,./out/rolling_A_24m_rsi16_bb2.0_atr1.2_risk0.5_rr1.5_london7-18_atrmin0.0004_edge0.45.csv,rsi16_bb2.0_atr1.2_risk0.5_rr1.5_london7-18_atrmin0.0004_edge0.45,24,0.0,0.13350988491428306,0.0294060754271618,27.546296296296298,-2.9654237321092456
301,./out/rolling_A_24m_rsi18_bb1.8_atr1.2_risk0.5_rr1.5_london8-17_atrmin0.0004_edge0.5.csv,rsi18_bb1.8_atr1.2_risk0.5_rr1.5_london8-17_atrmin0.0004_edge0.5,24,0.0,0.1331218761798835,0.0,27.461538461538463,-2.5144564883333995
302,./out/rolling_A_24m_rsi18_bb2.0_atr1.1_risk0.5_rr1.5_london7-18_atrmin0.0005_edge0.55.csv,rsi18_bb2.0_atr1.1_risk0.5_rr1.5_london7-18_atrmin0.0005_edge0.55,24,0.0,0.13172220002667373,0.0,30.76923076923077,-2.1912824107912066
303,./out/rolling_A_24m_rsi18_bb2.0_atr1.2_risk0.5_rr1.5_atrmin0.0004_edge0.6.csv,rsi18_bb2.0_atr1.2_risk0.5_rr1.5_atrmin0.0004_edge0.6,24,0.0,0.12915744844190302,0.0,27.636363636363637,-2.860525177506224
304,./out/rolling_A_24m_G1_rsi18_bb2.0_atr1.2_risk0.5_rr1.5_london7-18_atrmin0.0005_edge0.5.csv,G1_rsi18_bb2.0_atr1.2_risk0.5_rr1.5_london7-18_atrmin0.0005_edge0.5,24,0.0,0.1288290024047531,0.0,26.136363636363633,-1.7563086577390086
305,./out/rolling_A_24m_rsi24_bb2.4_atr1.0_risk0.5_rr1.5_london8-17_atrmin0.0007_edge0.8.csv,rsi24_bb2.4_atr1.0_risk0.5_rr1.5_london8-17_atrmin0.0007_edge0.8,24,0.0,0.1285507400809797,0.0,50.0,-0.28914573497207385
306,./out/rolling_A_24m_rsi18_bb2.0_atr1.2_risk0.5_rr1.5_london7-19_edge0.45.csv,rsi18_bb2.0_atr1.2_risk0.5_rr1.5_london7-19_edge0.45,24,0.0,0.1285388250731149,0.0,26.5,-3.1187127025735784
307,./out/rolling_A_24m_rsi18_bb2.0_atr1.2_risk0.5_rr1.5_london7-18_edge0.45.csv,rsi18_bb2.0_atr1.2_risk0.5_rr1.5_london7-18_edge0.45,24,0.0,0.127903420314803,0.0,25.833333333333336,-2.9847297453145627
308,./out/rolling_A_24m_rsi18_bb2.0_atr1.2_risk0.5_rr1.4_london7-18_atrmin0.0005_edge0.5.csv,rsi18_bb2.0_atr1.2_risk0.5_rr1.4_london7-18_atrmin0.0005_edge0.5,24,0.0,0.12659828132658213,0.0390982389516762,30.24948024948025,-3.147407319842027
309,./out/rolling_A_24m_rsi18_bb1.8_atr1.2_risk0.5_rr1.5_london7-18_atrmin0.0004_edge0.5.csv,rsi18_bb1.8_atr1.2_risk0.5_rr1.5_london7-18_atrmin0.0004_edge0.5,24,0.0,0.1252460073526158,0.0,24.621212121212118,-3.26307742801748
310,./out/rolling_A_24m_rsi18_bb1.8_atr1.2_risk0.5_rr1.5_london7-18_atrmin0.0004_edge0.45.csv,rsi18_bb1.8_atr1.2_risk0.5_rr1.5_london7-18_atrmin0.0004_edge0.45,24,0.0,0.12456469077998769,0.0,24.264705882352942,-3.4795844313515345
311,./out/rolling_A_24m_rsi20_bb2.2_atr1.0_risk0.5_rr1.5_london7-18_atrmin0.0005_edge0.45.csv,rsi20_bb2.2_atr1.0_risk0.5_rr1.5_london7-18_atrmin0.0005_edge0.45,24,0.0,0.12417996358565235,0.0,28.636363636363633,-1.4764776735617435
312,./out/rolling_A_24m_rsi18_bb1.8_atr1.2_risk0.5_rr1.5_london8-17_atrmin0.0004_edge0.45.csv,rsi18_bb1.8_atr1.2_risk0.5_rr1.5_london8-17_atrmin0.0004_edge0.45,24,0.0,0.1239700163936531,0.0,26.120857699805065,-2.5921402392687423
313,./out/rolling_A_24m_rsi18_bb2.0_atr1.1_risk0.5_rr1.5_london8-17_atrmin0.0004_edge0.45.csv,rsi18_bb2.0_atr1.1_risk0.5_rr1.5_london8-17_atrmin0.0004_edge0.45,24,0.0,0.12262002436479519,0.0,29.285714285714285,-2.1689053919304593
314,./out/rolling_A_24m_rsi18_bb2.0_atr1.2_risk0.5_rr1.5_atrmin0.0004_edge0.4.csv,rsi18_bb2.0_atr1.2_risk0.5_rr1.5_atrmin0.0004_edge0.4,24,0.0,0.12113073931496185,0.0,24.24242424242424,-3.6161583745371764
315,./out/rolling_A_24m_rsi18_bb2.0_atr1.2_risk0.5_rr1.5_atrmin0.0004_edge0.5.csv,rsi18_bb2.0_atr1.2_risk0.5_rr1.5_atrmin0.0004_edge0.5,24,0.0,0.119133763897914,0.0,25.403225806451612,-3.1961090004947734
316,./out/rolling_A_24m_rsi18_bb2.0_atr1.2_risk0.5_rr1.3_london7-18_atrmin0.0005_edge0.5.csv,rsi18_bb2.0_atr1.2_risk0.5_rr1.3_london7-18_atrmin0.0005_edge0.5,24,0.0,0.1167829360937368,0.0245459574194368,26.607142857142858,-3.1619487158161705
317,./out/rolling_A_24m_rsi20_bb2.2_atr1.0_risk0.5_rr1.5_london7-18_atrmin0.0004_edge0.55.csv,rsi20_bb2.2_atr1.0_risk0.5_rr1.5_london7-18_atrmin0.0004_edge0.55,24,0.0,0.1147711784812316,0.0,25.0,-1.4451881830442215
318,./out/rolling_A_24m_rsi18_bb2.0_atr1.1_risk0.5_rr1.5_london7-18_atrmin0.0004_edge0.5.csv,rsi18_bb2.0_atr1.1_risk0.5_rr1.5_london7-18_atrmin0.0004_edge0.5,24,0.0,0.11228274505775655,0.0,24.03846153846154,-2.589746930388992
319,./out/rolling_A_24m_rsi18_bb2.0_atr1.1_risk0.5_rr1.5_london7-18_atrmin0.0004_edge0.55.csv,rsi18_bb2.0_atr1.1_risk0.5_rr1.5_london7-18_atrmin0.0004_edge0.55,24,0.0,0.10814794088779485,0.0,23.863636363636363,-2.37768555822257
320,./out/rolling_A_24m_rsi20_bb2.2_atr1.0_risk0.5_rr1.5_london7-18_atrmin0.0004_edge0.5.csv,rsi20_bb2.2_atr1.0_risk0.5_rr1.5_london7-18_atrmin0.0004_edge0.5,24,0.0,0.10527402948470274,0.0,25.0,-1.463165222789797
321,./out/rolling_A_24m_rsi18_bb2.0_atr1.1_risk0.5_rr1.5_london7-18_atrmin0.0004_edge0.45.csv,rsi18_bb2.0_atr1.1_risk0.5_rr1.5_london7-18_atrmin0.0004_edge0.45,24,0.0,0.10427223600285196,0.0,23.53846153846154,-2.774157958762502
322,./out/rolling_A_24m_rsi20_bb2.2_atr1.0_risk0.5_rr1.5_london7-18_atrmin0.0004_edge0.45.csv,rsi20_bb2.2_atr1.0_risk0.5_rr1.5_london7-18_atrmin0.0004_edge0.45,24,0.0,0.0966655662374326,0.0,24.03846153846154,-1.5418819754620283
323,./out/rolling_A_24m_rsi24_bb2.4_atr1.0_risk0.5_rr1.5_london9-18_atrmin0.0007_edge0.8.csv,rsi24_bb2.4_atr1.0_risk0.5_rr1.5_london9-18_atrmin0.0007_edge0.8,24,0.0,0.0963213514677931,0.0,55.0,-0.28914573497207385
324,./out/rolling_A_24m_rsi18_bb2.0_atr1.2_risk0.5_rr1.5.csv,rsi18_bb2.0_atr1.2_risk0.5_rr1.5,24,0.0,0.09301099454350575,0.0,19.227272727272727,-6.047899112772353
325,./out/rolling_A_24m_rsi24_bb2.4_atr1.0_risk0.5_rr1.5_london8-17_atrmin0.0010_edge0.8.csv,rsi24_bb2.4_atr1.0_risk0.5_rr1.5_london8-17_atrmin0.0010_edge0.8,24,0.0,0.09253398486527564,0.0,60.0,-0.2596255604336073
326,./out/rolling_A_24m_rsi18_bb2.0_atr1.2_risk0.5_rr1.2_london7-18_atrmin0.0005_edge0.5.csv,rsi18_bb2.0_atr1.2_risk0.5_rr1.2_london7-18_atrmin0.0005_edge0.5,24,0.0,0.08906979029954985,0.0079197884353979,25.357142857142854,-2.969061467430828
327,./out/rolling_A_24m_rsi18_bb2.0_atr1.2_risk0.5_rr1.4.csv,rsi18_bb2.0_atr1.2_risk0.5_rr1.4,24,0.0,0.0846248681974552,0.0071766480109423,20.708463198273797,-9.515432779399402
328,./out/rolling_A_24m_rsi24_bb2.4_atr1.0_risk0.5_rr1.5.csv,rsi24_bb2.4_atr1.0_risk0.5_rr1.5,24,0.0,0.0701639825913988,0.0,19.523809523809526,-2.462694112837643
329,./out/rolling_A_24m_rsi24_bb2.4_atr1.0_risk0.5_rr1.5_london9-18_atrmin0.0010_edge0.8.csv,rsi24_bb2.4_atr1.0_risk0.5_rr1.5_london9-18_atrmin0.0010_edge0.8,24,0.0,0.06669166171140985,0.0,50.0,-0.24816788992332858
330,./out/rolling_A_24m_rsi24_bb2.4_atr1.0_risk0.5_rr1.5_london7-19_atrmin0.0010_edge0.8.csv,rsi24_bb2.4_atr1.0_risk0.5_rr1.5_london7-19_atrmin0.0010_edge0.8,24,0.0,0.0516846463077316,0.0,50.0,-0.2596255604336073
331,./out/rolling_A_24m_rsi24_bb2.4_atr1.0_risk0.5_rr1.5_london7-18_atrmin0.0010_edge0.8.csv,rsi24_bb2.4_atr1.0_risk0.5_rr1.5_london7-18_atrmin0.0010_edge0.8,24,0.0,0.0258423231538658,0.0,55.0,-0.2596255604336073
332,./out/rolling_A_24m_rsi24_bb2.4_atr1.0_risk0.5_rr1.5_london8-17_atrmin0.0007_edge0.9.csv,rsi24_bb2.4_atr1.0_risk0.5_rr1.5_london8-17_atrmin0.0007_edge0.9,24,0.0,0.0157884145115896,0.0,50.0,-0.26618816166577575
333,./out/rolling_A_24m_rsi24_bb2.4_atr1.0_risk0.5_rr1.5_london9-18_atrmin0.0007_edge0.9.csv,rsi24_bb2.4_atr1.0_risk0.5_rr1.5_london9-18_atrmin0.0007_edge0.9,24,0.0,0.0018313646750405,0.0,50.0,-0.2614697165709556
334,./out/rolling_A_24m_rsi24_bb2.4_atr1.0_risk0.5_rr1.5_london7-18_atrmin0.0007_edge1.csv,rsi24_bb2.4_atr1.0_risk0.5_rr1.5_london7-18_atrmin0.0007_edge1,24,0.0,0.0,0.0,40.0,-0.2532567465802882
335,./out/rolling_A_24m_rsi24_bb2.4_atr1.0_risk0.5_rr1.5_london7-18_atrmin0.0010_edge0.9.csv,rsi24_bb2.4_atr1.0_risk0.5_rr1.5_london7-18_atrmin0.0010_edge0.9,24,0.0,0.0,0.0,41.666666666666664,-0.2231904220012792
336,./out/rolling_A_24m_rsi24_bb2.4_atr1.0_risk0.5_rr1.5_london7-18_atrmin0.0010_edge1.csv,rsi24_bb2.4_atr1.0_risk0.5_rr1.5_london7-18_atrmin0.0010_edge1,24,0.0,0.0,0.0,0.0,-0.2156556684666244
337,./out/rolling_A_24m_rsi24_bb2.4_atr1.0_risk0.5_rr1.5_london7-18_atrmin0.0013_edge0.7.csv,rsi24_bb2.4_atr1.0_risk0.5_rr1.5_london7-18_atrmin0.0013_edge0.7,24,0.0,0.0,0.0,0.0,-0.23204865653921875
338,./out/rolling_A_24m_rsi24_bb2.4_atr1.0_risk0.5_rr1.5_london7-18_atrmin0.0013_edge0.8.csv,rsi24_bb2.4_atr1.0_risk0.5_rr1.5_london7-18_atrmin0.0013_edge0.8,24,0.0,0.0,0.0,0.0,-0.17109057812291767
339,./out/rolling_A_24m_rsi24_bb2.4_atr1.0_risk0.5_rr1.5_london7-18_atrmin0.0013_edge0.9.csv,rsi24_bb2.4_atr1.0_risk0.5_rr1.5_london7-18_atrmin0.0013_edge0.9,24,0.0,0.0,0.0,0.0,-0.0518139723510335
340,./out/rolling_A_24m_rsi24_bb2.4_atr1.0_risk0.5_rr1.5_london7-18_atrmin0.0013_edge1.csv,rsi24_bb2.4_atr1.0_risk0.5_rr1.5_london7-18_atrmin0.0013_edge1,24,0.0,0.0,0.0,0.0,-0.0036112158903367
341,./out/rolling_A_24m_rsi24_bb2.4_atr1.0_risk0.5_rr1.5_london7-19_atrmin0.0007_edge1.csv,rsi24_bb2.4_atr1.0_risk0.5_rr1.5_london7-19_atrmin0.0007_edge1,24,0.0,0.0,0.0,40.0,-0.2661867887300218
342,./out/rolling_A_24m_rsi24_bb2.4_atr1.0_risk0.5_rr1.5_london7-19_atrmin0.0010_edge0.9.csv,rsi24_bb2.4_atr1.0_risk0.5_rr1.5_london7-19_atrmin0.0010_edge0.9,24,0.0,0.0,0.0,41.666666666666664,-0.23417648276383146
343,./out/rolling_A_24m_rsi24_bb2.4_atr1.0_risk0.5_rr1.5_london7-19_atrmin0.0010_edge1.csv,rsi24_bb2.4_atr1.0_risk0.5_rr1.5_london7-19_atrmin0.0010_edge1,24,0.0,0.0,0.0,0.0,-0.2156556684666244
344,./out/rolling_A_24m_rsi24_bb2.4_atr1.0_risk0.5_rr1.5_london7-19_atrmin0.0013_edge0.7.csv,rsi24_bb2.4_atr1.0_risk0.5_rr1.5_london7-19_atrmin0.0013_edge0.7,24,0.0,0.0,0.0,16.666666666666664,-0.23204865653921875
345,./out/rolling_A_24m_rsi24_bb2.4_atr1.0_risk0.5_rr1.5_london7-19_atrmin0.0013_edge0.8.csv,rsi24_bb2.4_atr1.0_risk0.5_rr1.5_london7-19_atrmin0.0013_edge0.8,24,0.0,0.0,0.0,0.0,-0.17109057812291767
346,./out/rolling_A_24m_rsi24_bb2.4_atr1.0_risk0.5_rr1.5_london7-19_atrmin0.0013_edge0.9.csv,rsi24_bb2.4_atr1.0_risk0.5_rr1.5_london7-19_atrmin0.0013_edge0.9,24,0.0,0.0,0.0,0.0,-0.09778664933463015
347,./out/rolling_A_24m_rsi24_bb2.4_atr1.0_risk0.5_rr1.5_london7-19_atrmin0.0013_edge1.csv,rsi24_bb2.4_atr1.0_risk0.5_rr1.5_london7-19_atrmin0.0013_edge1,24,0.0,0.0,0.0,0.0,-0.05319510876427005
348,./out/rolling_A_24m_rsi24_bb2.4_atr1.0_risk0.5_rr1.5_london8-17_atrmin0.0007_edge1.csv,rsi24_bb2.4_atr1.0_risk0.5_rr1.5_london8-17_atrmin0.0007_edge1,24,0.0,0.0,0.0,50.0,-0.2383521106477659
349,./out/rolling_A_24m_rsi24_bb2.4_atr1.0_risk0.5_rr1.5_london8-17_atrmin0.0010_edge0.9.csv,rsi24_bb2.4_atr1.0_risk0.5_rr1.5_london8-17_atrmin0.0010_edge0.9,24,0.0,0.0,0.0,50.0,-0.2231904220012792
350,./out/rolling_A_24m_rsi24_bb2.4_atr1.0_risk0.5_rr1.5_london8-17_atrmin0.0010_edge1.csv,rsi24_bb2.4_atr1.0_risk0.5_rr1.5_london8-17_atrmin0.0010_edge1,24,0.0,0.0,0.0,25.0,-0.13262015757521944
351,./out/rolling_A_24m_rsi24_bb2.4_atr1.0_risk0.5_rr1.5_london8-17_atrmin0.0013_edge0.7.csv,rsi24_bb2.4_atr1.0_risk0.5_rr1.5_london8-17_atrmin0.0013_edge0.7,24,0.0,0.0,0.0,0.0,-0.23204865653921875
352,./out/rolling_A_24m_rsi24_bb2.4_atr1.0_risk0.5_rr1.5_london8-17_atrmin0.0013_edge0.8.csv,rsi24_bb2.4_atr1.0_risk0.5_rr1.5_london8-17_atrmin0.0013_edge0.8,24,0.0,0.0,0.0,0.0,-0.17109057812291767
353,./out/rolling_A_24m_rsi24_bb2.4_atr1.0_risk0.5_rr1.5_london8-17_atrmin0.0013_edge0.9.csv,rsi24_bb2.4_atr1.0_risk0.5_rr1.5_london8-17_atrmin0.0013_edge0.9,24,0.0,0.0,0.0,0.0,-0.0518139723510335
354,./out/rolling_A_24m_rsi24_bb2.4_atr1.0_risk0.5_rr1.5_london8-17_atrmin0.0013_edge1.csv,rsi24_bb2.4_atr1.0_risk0.5_rr1.5_london8-17_atrmin0.0013_edge1,24,0.0,0.0,0.0,0.0,-0.0036112158903367
355,./out/rolling_A_24m_rsi24_bb2.4_atr1.0_risk0.5_rr1.5_london9-18_atrmin0.0007_edge1.csv,rsi24_bb2.4_atr1.0_risk0.5_rr1.5_london9-18_atrmin0.0007_edge1,24,0.0,0.0,0.0,50.0,-0.2279206014030754
356,./out/rolling_A_24m_rsi24_bb2.4_atr1.0_risk0.5_rr1.5_london9-18_atrmin0.0010_edge0.9.csv,rsi24_bb2.4_atr1.0_risk0.5_rr1.5_london9-18_atrmin0.0010_edge0.9,24,0.0,0.0,0.0,50.0,-0.2231904220012792
357,./out/rolling_A_24m_rsi24_bb2.4_atr1.0_risk0.5_rr1.5_london9-18_atrmin0.0010_edge1.csv,rsi24_bb2.4_atr1.0_risk0.5_rr1.5_london9-18_atrmin0.0010_edge1,24,0.0,0.0,0.0,25.0,-0.13262015757521944
358,./out/rolling_A_24m_rsi24_bb2.4_atr1.0_risk0.5_rr1.5_london9-18_atrmin0.0013_edge0.7.csv,rsi24_bb2.4_atr1.0_risk0.5_rr1.5_london9-18_atrmin0.0013_edge0.7,24,0.0,0.0,0.0,0.0,-0.23204865653921875
359,./out/rolling_A_24m_rsi24_bb2.4_atr1.0_risk0.5_rr1.5_london9-18_atrmin0.0013_edge0.8.csv,rsi24_bb2.4_atr1.0_risk0.5_rr1.5_london9-18_atrmin0.0013_edge0.8,24,0.0,0.0,0.0,0.0,-0.17109057812291767
360,./out/rolling_A_24m_rsi24_bb2.4_atr1.0_risk0.5_rr1.5_london9-18_atrmin0.0013_edge0.9.csv,rsi24_bb2.4_atr1.0_risk0.5_rr1.5_london9-18_atrmin0.0013_edge0.9,24,0.0,0.0,0.0,0.0,-0.0518139723510335
361,./out/rolling_A_24m_rsi24_bb2.4_atr1.0_risk0.5_rr1.5_london9-18_atrmin0.0013_edge1.csv,rsi24_bb2.4_atr1.0_risk0.5_rr1.5_london9-18_atrmin0.0013_edge1,24,0.0,0.0,0.0,0.0,-0.0036112158903367
