symbol,strategy,timestamp,side,price,sl,tp,size,tag
EURUSD,A,2024-08-01T06:00:00Z,buy,1.08225,1.0818795951483346,1.0833612145549958,9147,A_long
EURUSD,A,2024-08-01T06:15:00Z,buy,1.08176,1.0813483157952235,1.0829950526143297,9147,A_long
EURUSD,A,2024-08-01T06:30:00Z,buy,1.0814,1.080959207022527,1.082722378932419,9146,A_long
EURUSD,A,2024-08-01T07:15:00Z,buy,1.08087,1.0803552497269604,1.0824142508191188,9146,A_long
EURUSD,A,2024-08-01T07:30:00Z,buy,1.08058,1.0800512164300327,1.0821663507099024,9143,A_long
EURUSD,A,2024-08-01T07:45:00Z,buy,1.08009,1.0795130542393614,1.0818208372819158,9142,A_long
EURUSD,A,2024-08-01T08:00:00Z,buy,1.07843,1.07768198034078,1.08067405897766,9150,A_long
EURUSD,A,2024-08-01T14:00:00Z,sell,1.08103,1.0819178431216292,1.0783664706351122,9147,A_short
EURUSD,A,2024-08-02T04:15:00Z,sell,1.07969,1.0800041320979905,1.0787476037060286,9179,A_short
EURUSD,A,2024-08-02T05:45:00Z,sell,1.08042,1.080768556201066,1.0793743313968016,9170,A_short
EURUSD,A,2024-08-02T06:00:00Z,sell,1.08074,1.0811327487075908,1.0795617538772277,9163,A_short
EURUSD,A,2024-08-02T08:15:00Z,sell,1.08102,1.0816874084927406,1.0790177745217786,9170,A_short
EURUSD,A,2024-08-02T09:00:00Z,sell,1.08213,1.0827964759877189,1.0801305720368435,9154,A_short
EURUSD,A,2024-08-02T11:15:00Z,sell,1.08364,1.0842581413651964,1.0817855759044106,9135,A_short
EURUSD,A,2024-08-02T12:30:00Z,sell,1.08646,1.0875135155119775,1.0832994534640674,9105,A_short
EURUSD,A,2024-08-02T12:45:00Z,sell,1.0891,1.0904597134437137,1.0850208596688586,9073,A_short
EURUSD,A,2024-08-05T03:45:00Z,sell,1.09305,1.0936355280361354,1.0912934158915941,9029,A_short
EURUSD,A,2024-08-05T04:15:00Z,sell,1.09388,1.0945099299471417,1.0919902101585748,9016,A_short
EURUSD,A,2024-08-05T06:00:00Z,buy,1.09029,1.089189746608244,1.0935907601752677,9061,A_long
EURUSD,A,2024-08-05T07:30:00Z,sell,1.09585,1.097415002536174,1.091154992391478,9041,A_short
EURUSD,A,2024-08-05T08:00:00Z,sell,1.09668,1.0985276685716152,1.0911369942851548,9021,A_short
EURUSD,A,2024-08-05T12:30:00Z,sell,1.09861,1.0999351420023513,1.0946345739929464,8989,A_short
EURUSD,A,2024-08-05T12:45:00Z,sell,1.0991,1.1005871230687043,1.094638630793887,8973,A_short
EURUSD,A,2024-08-06T00:00:00Z,buy,1.09442,1.0939483113788084,1.0958350658635745,9047,A_long
EURUSD,A,2024-08-06T05:45:00Z,buy,1.09465,1.0942296081935903,1.0959111754192288,9056,A_long
EURUSD,A,2024-08-06T06:00:00Z,buy,1.09455,1.0940976604344448,1.0959070186966653,9052,A_long
EURUSD,A,2024-08-06T06:30:00Z,buy,1.09389,1.0933404649485388,1.0955386051543838,9053,A_long
EURUSD,A,2024-08-06T07:00:00Z,buy,1.09362,1.093018704783569,1.0954238856492928,9050,A_long
EURUSD,A,2024-08-06T07:30:00Z,buy,1.09274,1.0919611604818809,1.0950765185543576,9052,A_long
EURUSD,A,2024-08-06T09:00:00Z,buy,1.0915,1.0906277474821957,1.0941167575534125,9055,A_long
EURUSD,A,2024-08-06T14:45:00Z,sell,1.09337,1.0942007787259729,1.0908776638220812,9032,A_short
EURUSD,A,2024-08-07T07:15:00Z,sell,1.09214,1.0926456052127183,1.0906231843618457,9061,A_short
EURUSD,A,2024-08-07T08:15:00Z,sell,1.09268,1.093218911021836,1.0910632669344924,9052,A_short
EURUSD,A,2024-08-07T14:30:00Z,sell,1.09326,1.0938901970739348,1.0913694087781953,9060,A_short
EURUSD,A,2024-08-08T06:00:00Z,sell,1.09399,1.0943921882886074,1.0927834351341779,9048,A_short
EURUSD,A,2024-08-08T06:45:00Z,sell,1.09428,1.0948120733837245,1.092683779848826,9041,A_short
EURUSD,A,2024-08-08T09:45:00Z,buy,1.09268,1.0921408011903746,1.0942975964288766,9067,A_long
EURUSD,A,2024-08-08T10:00:00Z,buy,1.09224,1.0916686943649914,1.0939539169050263,9065,A_long
EURUSD,A,2024-08-08T12:30:00Z,buy,1.09055,1.0896770983293573,1.0931687050119276,9074,A_long
EURUSD,A,2024-08-08T12:45:00Z,buy,1.08974,1.088790151885443,1.0925895443436706,9073,A_long
EURUSD,A,2024-08-08T13:30:00Z,buy,1.08863,1.0875810055384647,1.0917769833846058,9073,A_long
EURUSD,A,2024-08-09T02:15:00Z,sell,1.09217,1.0924913988521936,1.0912058034434196,9069,A_short
EURUSD,A,2024-08-09T06:30:00Z,sell,1.09261,1.0929201865322367,1.0916794404032903,9062,A_short
EURUSD,A,2024-08-09T12:30:00Z,buy,1.09094,1.0904439061790518,1.0924282814628445,9082,A_long
EURUSD,A,2024-08-09T14:15:00Z,sell,1.09299,1.0935156276790041,1.0914131169629873,9077,A_short
EURUSD,A,2024-08-11T22:00:00Z,buy,1.0913,1.0909951327402814,1.0922146017791556,9103,A_long
EURUSD,A,2024-08-12T01:15:00Z,sell,1.09223,1.0925336521591555,1.0913190435225335,9102,A_short
EURUSD,A,2024-08-12T07:00:00Z,sell,1.09251,1.0928599567549402,1.0914601297351798,9106,A_short
EURUSD,A,2024-08-12T10:00:00Z,sell,1.09289,1.093317671792638,1.0916069846220855,9099,A_short
EURUSD,A,2024-08-12T15:00:00Z,sell,1.0937,1.094386157338544,1.0916415279843674,9088,A_short
EURUSD,A,2024-08-13T09:00:00Z,buy,1.09177,1.0912326711944151,1.0933819864167542,9121,A_long
EURUSD,A,2024-08-13T12:30:00Z,sell,1.09397,1.0945975070579037,1.0920874788262893,9115,A_short
EURUSD,A,2024-08-13T12:45:00Z,sell,1.09409,1.0947458394501832,1.0921224816494504,9108,A_short
EURUSD,A,2024-08-13T13:15:00Z,sell,1.0954,1.096158563853693,1.0931243084389206,9091,A_short
EURUSD,A,2024-08-13T13:45:00Z,sell,1.09586,1.0965816768501073,1.0936949694496783,9080,A_short
EURUSD,A,2024-08-13T18:00:00Z,sell,1.09844,1.0990405452472742,1.0966383642581776,9052,A_short
EURUSD,A,2024-08-13T18:15:00Z,sell,1.09913,1.0997531392143043,1.097260582357087,9040,A_short
EURUSD,A,2024-08-13T18:45:00Z,sell,1.09991,1.1005046245654106,1.0981261263037678,9028,A_short
EURUSD,A,2024-08-14T06:45:00Z,sell,1.09999,1.1003780395603964,1.098825881318811,9041,A_short
EURUSD,A,2024-08-14T07:15:00Z,sell,1.10012,1.1005498608253643,1.098830417523907,9036,A_short
EURUSD,A,2024-08-14T07:30:00Z,sell,1.10041,1.1008585460486493,1.0990643618540525,9029,A_short
EURUSD,A,2024-08-14T08:45:00Z,sell,1.10192,1.1024280926920706,1.100395721923788,9013,A_short
EURUSD,A,2024-08-14T09:15:00Z,sell,1.10253,1.1030836340664885,1.1008690978005347,9003,A_short
EURUSD,A,2024-08-14T13:30:00Z,sell,1.10412,1.1053432705280808,1.1004501884157576,8984,A_short
